<DATE>	<OPEN>	<HIGH>	<LOW>	<CLOSE>	<VOL>	<NASDAQ>
01.03.2019	45,47	45,64	45,20	45,37	12480859	
04.03.2019	45,53	45,67	45,30	45,67	10229403	
05.03.2019	45,65	45,70	45,40	45,61	9490440	
06.03.2019	45,67	45,79	45,44	45,46	10653939	
07.03.2019	45,49	45,53	45,13	45,28	9317141	
08.03.2019	45,15	45,25	44,61	44,84	12893774	
11.03.2019	45,14	46,24	45,10	46,19	18697123	
12.03.2019	45,95	46,25	45,90	46,07	14710379	
13.03.2019	46,13	46,34	45,91	46,23	13000875	
14.03.2019	45,84	46,11	45,63	45,68	15338156	
15.03.2019	45,72	45,90	45,14	45,30	19803801	
18.03.2019	45,43	45,68	45,36	45,43	13990219	
19.03.2019	45,55	45,69	45,34	45,57	10296160	
20.03.2019	45,46	45,90	45,18	45,52	9552986	
21.03.2019	45,53	45,76	45,44	45,47	16335200	
22.03.2019	45,46	46,11	45,46	45,93	16055727	
25.03.2019	45,86	46,20	45,79	46,04	9271698	
26.03.2019	46,17	46,79	46,17	46,63	9348542	
27.03.2019	46,65	46,91	46,33	46,61	7522732	
28.03.2019	46,68	46,92	46,48	46,59	7799803	
29.03.2019	46,67	46,91	46,48	46,85	11625239	
01.04.2019	46,99	47,17	46,59	46,71	8469823	
02.04.2019	46,75	46,93	46,57	46,57	6766481	
03.04.2019	46,42	46,59	46,04	46,16	10305510	
04.04.2019	46,34	46,54	46,11	46,48	6009465	
05.04.2019	46,49	46,58	46,20	46,47	5636232	
08.04.2019	46,54	46,57	46,27	46,54	6628962	
09.04.2019	46,45	46,72	46,27	46,70	6829212	
10.04.2019	46,84	47,00	46,56	46,65	5759306	
11.04.2019	46,72	46,75	46,54	46,71	5263599	
12.04.2019	46,67	46,93	46,57	46,74	7294449	
15.04.2019	46,88	47,04	46,70	47,00	7231994	
16.04.2019	47,05	47,10	46,70	46,96	7781103	
17.04.2019	47,20	47,55	47,15	47,27	8953308	
18.04.2019	47,33	47,58	47,27	47,49	8092947	
22.04.2019	47,40	47,61	47,02	47,39	7417584	
23.04.2019	48,12	48,72	47,55	48,20	20201271	
24.04.2019	48,03	48,23	47,92	47,97	11726038	
25.04.2019	47,74	47,89	47,47	47,84	9407115	
26.04.2019	47,99	48,45	47,98	48,27	7986078	
29.04.2019	48,17	48,45	48,11	48,42	6212754	
30.04.2019	48,53	49,18	48,39	49,04	12723717	
01.05.2019	48,95	49,08	48,55	48,58	7833458	
02.05.2019	48,53	48,77	48,27	48,40	6492488	
03.05.2019	48,60	48,96	48,52	48,72	5278641	
06.05.2019	48,33	48,61	48,26	48,48	6209013	
07.05.2019	48,23	48,29	47,77	48,00	8175924	
08.05.2019	48,05	48,23	47,82	47,85	6813688	
09.05.2019	47,80	47,98	47,07	47,40	8761512	
10.05.2019	47,41	48,30	47,40	48,20	7254097	
13.05.2019	47,91	48,13	47,73	48,05	7814684	
14.05.2019	48,53	49,32	48,35	48,68	10425922	
15.05.2019	48,67	49,38	48,60	49,20	7914948	
16.05.2019	49,27	49,66	49,21	49,62	14009966	
17.05.2019	49,27	49,55	49,17	49,21	7741826	
20.05.2019	49,04	49,14	48,76	48,83	7903124	
21.05.2019	49,00	49,03	48,45	48,60	7902350	
22.05.2019	48,78	49,71	48,72	49,64	13518242	
23.05.2019	49,50	49,90	49,46	49,86	9816253	
24.05.2019	49,82	49,89	49,53	49,64	5370834	
28.05.2019	49,60	49,67	49,03	49,08	7019465	
29.05.2019	48,89	49,03	48,41	48,61	9233622	
30.05.2019	48,72	49,31	48,67	49,25	7080153	
31.05.2019	49,00	49,31	48,78	49,13	8474561	
03.06.2019	49,16	49,98	49,02	49,95	9519029	
04.06.2019	50,00	50,28	49,62	50,00	9667914	
05.06.2019	50,01	51,14	49,69	50,80	12776022	
06.06.2019	50,91	51,54	50,59	51,41	11402597	
07.06.2019	51,47	52,19	51,45	51,48	11756355	
10.06.2019	51,54	51,54	51,09	51,36	7690054	
11.06.2019	51,45	51,59	51,18	51,31	7701541	
12.06.2019	51,50	52,14	51,47	51,65	8701564	
13.06.2019	51,46	51,70	50,78	51,13	8464287	
14.06.2019	51,05	51,53	51,05	51,32	5380868	
17.06.2019	51,25	51,48	50,61	50,88	6808255	
18.06.2019	51,25	51,30	50,53	50,65	6444336	
19.06.2019	50,54	51,24	50,47	51,12	6642286	
20.06.2019	51,50	51,79	51,35	51,66	7544909	
21.06.2019	51,53	51,89	51,41	51,56	11385475	
24.06.2019	51,74	52,20	51,70	51,94	7508541	
25.06.2019	52,00	52,10	51,64	51,76	8641489	
26.06.2019	51,52	51,64	51,09	51,13	6387584	
27.06.2019	51,29	51,40	50,97	51,09	6992491	
28.06.2019	51,27	51,40	50,52	50,90	7622337	
01.07.2019	51,07	51,63	50,78	51,60	8003617	
02.07.2019	51,78	52,05	51,55	51,98	6241515	
03.07.2019	52,00	52,39	52,00	52,01	6709256	
05.07.2019	51,89	52,12	51,48	52,11	5487338	
08.07.2019	52,20	52,33	51,89	52,00	7484259	
09.07.2019	51,72	51,97	51,43	51,60	6196174	
10.07.2019	51,80	51,97	51,66	51,82	5581647	
11.07.2019	51,99	52,06	51,66	52,03	6986118	
12.07.2019	52,25	52,29	51,91	52,11	4021797	
15.07.2019	52,28	52,29	51,87	52,13	4336776	
16.07.2019	51,96	52,47	51,81	52,13	5293968	
17.07.2019	52,22	52,26	52,01	52,16	5217916	
18.07.2019	52,04	52,17	51,67	52,02	8029887	
19.07.2019	52,14	52,15	51,37	51,41	5980293	
22.07.2019	51,52	51,52	51,13	51,24	9475213	
23.07.2019	53,25	54,64	52,76	54,33	27172078	
24.07.2019	54,12	54,82	53,62	53,77	12366808	
25.07.2019	53,63	53,80	52,72	53,10	14077601	
26.07.2019	53,34	54,31	53,19	54,17	8033011	
29.07.2019	54,17	54,30	53,90	53,98	8546327	
30.07.2019	53,96	54,30	53,57	53,72	6370323	
31.07.2019	53,51	53,51	52,04	52,61	11339128	
01.08.2019	52,78	53,20	52,01	52,05	14446125	
02.08.2019	51,91	52,73	51,91	52,33	9389963	
05.08.2019	52,39	52,66	51,40	51,66	12567015	
06.08.2019	51,87	52,76	51,61	52,28	12911820	
07.08.2019	52,27	53,39	51,77	53,17	13944497	
08.08.2019	53,21	53,78	52,85	53,70	7726636	
09.08.2019	53,79	53,90	53,08	53,42	6213566	
12.08.2019	53,28	53,44	52,99	53,18	3990279	
13.08.2019	52,90	53,61	52,87	53,51	6850045	
14.08.2019	53,34	53,97	52,97	53,00	11156774	
15.08.2019	53,43	54,00	53,23	53,87	9357587	
16.08.2019	53,98	54,49	53,95	54,41	8258845	
19.08.2019	54,44	54,78	54,31	54,68	6252129	
20.08.2019	54,62	54,68	53,84	53,89	4986737	
21.08.2019	54,25	54,41	53,85	54,11	4523911	
22.08.2019	54,12	54,64	54,10	54,50	4886039	
23.08.2019	54,42	54,71	53,39	53,73	8591721	
26.08.2019	54,00	54,54	53,73	54,52	6399081	
27.08.2019	54,70	54,95	54,41	54,69	8008483	
28.08.2019	54,66	55,15	54,42	55,10	7629977	
29.08.2019	55,26	55,34	54,60	55,04	6099881	
30.08.2019	55,16	55,22	54,81	55,02	5232661	
03.09.2019	54,98	55,33	54,87	55,31	6183463	
04.09.2019	55,35	55,92	55,30	55,77	6476208	
05.09.2019	55,75	55,77	55,03	55,14	9586635	
06.09.2019	55,44	55,44	54,76	55,22	6614523	
09.09.2019	55,03	55,08	54,36	54,53	7571192	
10.09.2019	54,23	54,44	53,85	54,39	8847447	
11.09.2019	54,29	54,80	53,97	54,75	6889546	
12.09.2019	55,10	55,31	54,98	55,12	7733256	
13.09.2019	54,48	54,79	54,07	54,27	7389501	
16.09.2019	54,10	54,34	53,63	53,97	6648761	
17.09.2019	54,10	54,70	53,96	54,23	6827016	
18.09.2019	54,20	54,29	53,82	54,22	5032035	
19.09.2019	54,23	54,60	54,13	54,52	4512818	
20.09.2019	54,69	54,69	53,90	53,91	10760711	
23.09.2019	53,91	54,36	53,88	54,14	4080895	
24.09.2019	54,25	54,61	54,04	54,31	6041300	
25.09.2019	54,44	54,48	54,00	54,17	5724295	
26.09.2019	54,47	54,58	54,13	54,40	6968711	
27.09.2019	54,56	54,64	54,00	54,32	5233364	
30.09.2019	54,15	54,68	54,15	54,43	6031388	
01.10.2019	54,53	54,78	54,01	54,65	9407251	
02.10.2019	54,21	54,44	52,90	53,11	9691400	
03.10.2019	53,50	53,98	52,82	53,85	9626095	
04.10.2019	54,00	54,54	53,89	54,53	5118060	
07.10.2019	54,33	54,36	53,77	53,87	4231783	
08.10.2019	53,88	54,07	53,45	53,57	8531826	
09.10.2019	54,06	54,07	53,54	53,83	5476471	
10.10.2019	53,55	53,88	53,36	53,68	5905403	
11.10.2019	53,65	53,70	53,20	53,29	6898607	
14.10.2019	53,49	53,68	53,22	53,30	5386757	
15.10.2019	53,43	53,68	53,27	53,51	5964163	
16.10.2019	53,46	53,57	53,13	53,49	7077633	
17.10.2019	53,69	54,12	53,58	53,81	9225926	
18.10.2019	55,00	55,39	54,45	54,78	13838316	
21.10.2019	54,45	54,56	53,68	54,24	9132903	
22.10.2019	54,23	54,42	53,74	53,87	6916523	
23.10.2019	54,06	54,66	54,01	54,65	6470628	
24.10.2019	54,57	54,82	54,49	54,62	4354944	
25.10.2019	54,55	54,56	53,67	53,73	7004254	
28.10.2019	53,74	53,95	53,37	53,56	6595834	
29.10.2019	53,39	53,66	53,26	53,41	6178706	
30.10.2019	53,52	54,05	53,16	53,94	6108473	
31.10.2019	53,96	54,47	53,85	54,43	7059793	
01.11.2019	54,63	54,74	53,85	53,90	7362997	
04.11.2019	53,96	54,00	52,97	53,14	12774043	
05.11.2019	52,89	52,89	52,12	52,42	15145180	
06.11.2019	52,53	52,80	52,41	52,79	9697077	
07.11.2019	52,88	53,00	51,96	52,29	9213503	
08.11.2019	52,46	52,60	52,09	52,20	5171349	8255,89
11.11.2019	52,33	52,37	51,78	51,84	6012076	8241,91
12.11.2019	51,91	51,91	51,58	51,71	8935593	8263,79
13.11.2019	52,18	52,45	51,96	52,39	8932004	8259,81
14.11.2019	52,53	52,67	52,35	52,64	6462474	8257,83
15.11.2019	52,64	52,68	52,38	52,67	6408866	8315,52
18.11.2019	52,68	53,44	52,67	53,01	7251853	8328,48
19.11.2019	53,15	53,31	52,87	53,08	4847458	8338,74
20.11.2019	53,10	53,40	53,01	53,21	7677396	8283,75
21.11.2019	53,11	53,34	52,78	52,96	4700564	8265,62
22.11.2019	52,96	53,19	52,75	53,03	5141085	8272,05
25.11.2019	53,28	53,39	52,77	53,20	6283656	8371,93
26.11.2019	53,31	53,94	53,22	53,88	7601791	8389,3
27.11.2019	53,93	54,10	53,60	53,97	5991878	8444,71
29.11.2019	53,70	53,73	53,22	53,37	6515389	8403,68
02.12.2019	53,32	53,75	52,85	53,74	8690114	8315,41
03.12.2019	53,71	53,84	53,40	53,80	10024354	8254,74
04.12.2019	53,80	54,31	53,72	54,28	8458138	8296,53
05.12.2019	54,21	54,29	53,83	54,20	6975949	8308,4
06.12.2019	54,31	54,50	54,17	54,43	5212679	8397,37
09.12.2019	54,30	54,51	54,02	54,07	7983709	8362,74
10.12.2019	54,04	54,07	53,73	53,77	6356566	8354,29
11.12.2019	53,94	54,15	53,66	53,94	6296557	8402,61
12.12.2019	54,01	54,45	53,94	54,13	8641576	8466,89
13.12.2019	53,94	54,55	53,84	54,43	7049650	8487,71
16.12.2019	54,69	54,83	54,37	54,42	6179115	8570,33
17.12.2019	54,40	54,58	54,29	54,41	5126933	8575,7
18.12.2019	54,53	54,75	53,89	53,92	8548360	8580,62
19.12.2019	54,02	54,34	53,92	54,31	6213662	8641,29
20.12.2019	54,94	55,20	54,47	54,97	12981236	8678,49
23.12.2019	55,00	55,24	54,84	54,92	4745750	8696,01
24.12.2019	54,80	55,00	54,64	54,68	3082877	8699,51
26.12.2019	54,92	55,01	54,79	55,01	2982243	8778,31
27.12.2019	55,01	55,45	55,00	55,35	4641475	8770,98
30.12.2019	55,18	55,39	55,06	55,28	4494635	8709,73
31.12.2019	55,20	55,38	54,98	55,33	4908648	8729,86
02.01.2020	55,32	55,43	54,76	54,98	7056897	8872,22
03.01.2020	54,32	54,99	54,09	54,72	5909331	8793,9
06.01.2020	54,65	54,91	54,52	54,66	6775178	8848,52
07.01.2020	54,45	54,60	54,15	54,27	5999799	8846,45
08.01.2020	54,27	54,64	54,15	54,35	5430681	8912,37
09.01.2020	55,00	55,40	54,84	55,34	9793508	8989,63
10.01.2020	55,48	55,93	55,45	55,55	8558606	8966,64
13.01.2020	55,53	56,23	55,42	56,13	9374262	9070,65
14.01.2020	56,24	56,29	55,83	55,99	8978040	9033,42
15.01.2020	56,00	56,98	56,00	56,69	12994571	9035,67
16.01.2020	56,85	56,95	56,61	56,80	6045091	9125
17.01.2020	56,87	57,15	56,80	56,91	8052341	9173,73
21.01.2020	56,85	57,25	56,57	57,15	6985720	9166,63
22.01.2020	57,25	57,64	57,18	57,63	7807947	9188,57
23.01.2020	57,38	57,85	57,24	57,85	7706810	9216,98
24.01.2020	57,85	57,87	57,46	57,63	5505859	9141,47
27.01.2020	57,21	57,85	57,13	57,49	10534313	8952,18
28.01.2020	57,45	57,75	56,97	57,01	9856553	9090,93
29.01.2020	57,00	57,26	56,66	57,02	8159581	9101,61
30.01.2020	57,93	58,98	57,76	58,93	14757114	9136,09
31.01.2020	58,97	59,08	58,15	58,42	11439349	8988,76
03.02.2020	58,75	58,97	58,52	58,59	8094175	9126,23
04.02.2020	58,75	59,45	58,62	58,80	9138549	9334,06
05.02.2020	58,90	59,08	58,54	58,84	7953784	9367,48
06.02.2020	58,98	59,34	58,84	59,01	6904527	9445,92
07.02.2020	58,88	59,32	58,85	59,19	5068420	9401,1
10.02.2020	59,32	59,84	59,29	59,76	5629383	9516,84
11.02.2020	59,72	59,80	59,32	59,58	5534726	9517,86
12.02.2020	59,48	59,77	59,32	59,42	5728096	9612,51
13.02.2020	59,38	59,84	59,21	59,60	5020228	9595,79
14.02.2020	59,63	60,07	59,62	59,93	6281519	9623,58
18.02.2020	59,81	59,93	59,45	59,54	5022793	9629,8
19.02.2020	59,51	60,00	59,47	59,78	4109759	9718,73
20.02.2020	59,68	59,86	59,11	59,74	5524660	9627,83
21.02.2020	59,51	60,13	59,43	60,13	7115037	9446,69
24.02.2020	59,11	59,80	58,57	58,66	10328305	9079,63
25.02.2020	58,70	59,20	57,62	57,84	10886823	8834,87
26.02.2020	57,98	58,47	57,48	57,53	9168553	8871,85
27.02.2020	57,15	57,89	54,98	55,01	17571896	8434,65
28.02.2020	53,83	53,89	51,58	53,14	28873844	8466,71
02.03.2020	53,93	55,96	53,70	55,85	17802511	8875,51
03.03.2020	56,76	57,49	55,64	56,12	21066024	8585,66
04.03.2020	56,41	59,00	56,41	58,94	11889380	8945,38
05.03.2020	57,80	58,17	56,19	56,74	12484374	8671,66
06.03.2020	54,94	55,91	53,98	55,51	15818831	8530,34
09.03.2020	52,05	53,58	51,48	51,84	21776837	7945,22
10.03.2020	53,22	53,80	51,17	53,67	21633946	8376,44
11.03.2020	52,35	52,65	51,14	52,21	17305039	8006,12
12.03.2020	48,54	49,93	46,69	47,16	24310813	7255,99
13.03.2020	49,51	49,56	46,61	48,22	22004890	7998,51
16.03.2020	42,24	47,88	41,17	45,25	20420294	7013,89
17.03.2020	45,88	47,50	45,37	46,51	20573587	7473,95
18.03.2020	44,74	45,15	41,59	44,85	27525485	7230,3
19.03.2020	44,36	44,66	41,04	41,81	34073716	7288,52
20.03.2020	41,95	42,07	37,51	38,30	40199969	6983,14
23.03.2020	38,76	38,89	36,27	37,56	34622656	6999,12
24.03.2020	41,22	41,40	38,83	39,34	39099884	7535,5
25.03.2020	40,63	43,45	39,91	41,62	32076437	7466,76
26.03.2020	42,84	45,27	42,45	44,25	27790663	7898,36
27.03.2020	43,66	44,03	42,40	42,85	17299674	7586,47
30.03.2020	43,04	45,56	43,04	45,00	18188158	7885,62
31.03.2020	45,07	45,51	44,06	44,24	15990501	7809,86
01.04.2020	42,48	43,65	41,80	42,12	15473034	7492,36
02.04.2020	42,22	44,19	41,86	43,94	13645934	7630,63
03.04.2020	43,58	44,34	43,31	43,84	9119842	7528,11
06.04.2020	45,39	47,01	44,69	46,61	15650084	8077,52
07.04.2020	48,50	48,60	46,48	46,48	13555716	8048,27
08.04.2020	46,64	48,09	46,33	47,79	13610150	8225,97
09.04.2020	48,44	49,73	48,35	48,99	14069285	8239,34
13.04.2020	48,35	48,64	46,50	46,93	13830024	8332,74
14.04.2020	47,94	49,25	46,93	48,91	16923132	8692,16
15.04.2020	47,71	48,40	47,41	47,60	9287277	8593,3
16.04.2020	47,40	47,85	46,76	47,09	13297068	8758,28
17.04.2020	48,30	48,30	47,37	48,05	15044607	8832,41
20.04.2020	47,79	48,00	46,31	46,59	13396308	8726,51
21.04.2020	45,88	46,90	44,26	45,31	21395680	8405,5
22.04.2020	46,05	46,15	45,50	45,62	11365619	8664,63
23.04.2020	45,95	46,10	44,97	45,06	13893326	8641,5
24.04.2020	45,50	45,75	45,12	45,43	11535769	8786,6
27.04.2020	46,00	46,98	45,71	46,78	12986774	8837,66
28.04.2020	47,90	48,00	46,57	46,73	13803227	8677,6
29.04.2020	47,27	47,86	46,88	47,11	11717982	8982,76
30.04.2020	47,00	47,00	45,70	45,86	14121401	8995,8
01.05.2020	45,62	46,39	45,21	45,61	10162143	8722,25
04.05.2020	45,32	45,48	44,60	45,14	15168044	8834,85
05.05.2020	45,36	46,10	45,15	45,40	10591453	8930,62
06.05.2020	45,40	45,63	44,72	44,75	8764015	8984,86
07.05.2020	45,15	45,24	44,50	44,60	12607545	9101,88
08.05.2020	45,08	46,22	44,88	46,11	10671837	9220,35
11.05.2020	45,69	46,11	45,52	45,54	8182416	9298,92
12.05.2020	45,60	45,85	44,80	44,82	9289055	9112,45
13.05.2020	44,71	44,78	43,52	43,94	12312011	9000,08
14.05.2020	43,38	44,06	43,23	43,70	14184391	9094,43
15.05.2020	43,96	44,69	43,20	43,33	20115765	9152,64
18.05.2020	44,82	45,39	44,13	44,94	16883407	9331,93
19.05.2020	45,01	45,33	44,25	44,54	13808074	9298,54
20.05.2020	45,20	46,17	45,02	45,90	16288974	9485,02
21.05.2020	46,08	46,09	45,03	45,19	10133604	9377,99
22.05.2020	45,22	45,31	44,65	45,04	10001142	9413,99
26.05.2020	46,92	46,93	45,93	46,09	17428752	9389,98
27.05.2020	47,00	47,09	46,17	46,74	13711079	9442,05
28.05.2020	47,30	47,46	46,82	47,09	11687055	9416,71
29.05.2020	46,68	47,19	46,14	46,58	20560449	9555,52
01.06.2020	46,66	47,23	46,59	46,98	10658942	9598,89
02.06.2020	47,16	47,28	46,56	46,89	9664578	9657,31
03.06.2020	47,27	48,12	47,12	47,90	10785642	9704,69
04.06.2020	47,94	48,27	47,38	47,92	10509047	9629,66
05.06.2020	48,54	49,49	48,46	49,07	15181204	9824,39
08.06.2020	49,54	49,97	49,47	49,84	14424055	9901,52
09.06.2020	49,59	49,59	48,68	49,00	12718838	9967,17
10.06.2020	49,16	49,27	48,57	48,60	10252043	10094,42
11.06.2020	47,81	47,92	45,46	45,54	19370081	9588,48
12.06.2020	46,21	46,25	45,01	45,59	14030719	9663,77
15.06.2020	44,57	46,45	44,47	46,31	11169769	9778,08
16.06.2020	47,56	47,69	46,19	46,79	11516390	9953,32
17.06.2020	46,78	47,06	46,44	46,57	8329284	9982,48
18.06.2020	46,30	47,04	46,07	46,99	7165187	10012,05
19.06.2020	47,77	47,79	46,02	46,03	16587491	10004,62
22.06.2020	46,03	46,15	45,38	45,74	14800355	10130,33
23.06.2020	46,00	46,29	45,58	45,62	11623511	10209,82
24.06.2020	45,37	45,44	44,50	44,66	13567691	10002,7
25.06.2020	44,47	44,98	44,03	44,92	10477023	10101,83
26.06.2020	44,92	45,01	43,51	43,57	14268667	9849,36
29.06.2020	44,00	44,57	43,55	44,36	13291529	9961,16
30.06.2020	44,25	44,83	44,04	44,63	16802932	10156,74
01.07.2020	44,93	45,53	44,71	44,81	11226086	10279,25
02.07.2020	45,29	45,43	44,80	44,90	10628945	10341,89
06.07.2020	45,14	45,27	44,61	45,23	11459033	10604,06
07.07.2020	45,00	45,50	44,80	45,22	9133671	10524,01
08.07.2020	45,14	45,18	44,47	45,08	9995286	10666,7
09.07.2020	45,05	45,05	43,83	43,92	12557304	10754,59
10.07.2020	43,88	45,25	43,86	45,15	12921291	10836,7
13.07.2020	45,53	45,68	44,96	45,25	11903662	10601,27
14.07.2020	44,91	45,94	44,67	45,87	13219038	10689,52
15.07.2020	46,30	47,19	46,20	46,38	16897629	10701,68
16.07.2020	46,26	46,69	45,94	46,15	10204835	10626,46
17.07.2020	46,47	46,91	46,13	46,82	10240687	10645,22
20.07.2020	46,72	46,83	45,85	46,07	12784256	10952,08
21.07.2020	47,52	47,99	46,93	47,18	20871991	10833,07
22.07.2020	47,93	48,52	47,03	48,46	22699452	10870,75
23.07.2020	48,47	48,57	48,03	48,29	11919837	10580,59
24.07.2020	48,40	48,80	48,07	48,50	13643350	10483,13
27.07.2020	48,18	48,51	48,18	48,48	11173907	10674,38
28.07.2020	48,34	49,28	48,10	48,18	11083670	10532,5
29.07.2020	48,14	48,50	47,82	48,02	10314570	10662,98
30.07.2020	47,67	48,23	47,20	47,69	14258095	10715,51
31.07.2020	47,44	47,77	46,73	47,24	10120644	10905,88
03.08.2020	47,14	47,36	46,23	46,32	11288585	11055,08
04.08.2020	46,29	46,86	46,22	46,70	8769200	11096,54
05.08.2020	46,90	47,27	46,81	47,23	7647761	11125,44
06.08.2020	46,66	47,53	46,60	47,48	8602800	11268,12
07.08.2020	47,47	48,08	47,21	47,80	8567962	11139,39
10.08.2020	48,06	48,28	47,66	47,72	7619704	11085,17
11.08.2020	48,46	48,65	47,70	47,93	11584125	10876,08
12.08.2020	48,30	48,69	48,12	48,42	7052359	11157,72
13.08.2020	48,26	48,73	48,06	48,38	7623743	11178,37
14.08.2020	48,34	48,69	48,03	48,45	6164741	11164,45
17.08.2020	48,32	48,75	48,20	48,21	6370888	11288,57
18.08.2020	48,20	48,50	47,96	48,42	7540286	11399,03
19.08.2020	48,12	48,38	47,22	47,38	14399129	11318,64
20.08.2020	47,27	47,60	47,09	47,36	8801231	11477,05
21.08.2020	47,34	47,50	46,97	47,28	9860493	11555,16
24.08.2020	47,43	47,98	47,18	47,97	6643113	11626,17
25.08.2020	48,00	48,05	47,65	47,91	5381192	11721,81
26.08.2020	47,76	48,18	47,47	48,16	6896411	11971,94
27.08.2020	48,25	48,82	48,20	48,23	8707346	11926,16
28.08.2020	48,75	49,85	48,53	49,82	13384358	11995,85
31.08.2020	49,80	50,07	49,35	49,52	11282099	12110,7
01.09.2020	49,31	49,35	48,83	49,12	9828018	12292,86
02.09.2020	49,36	51,36	49,36	51,18	20467857	12420,54
03.09.2020	51,40	52,14	50,10	50,48	17159287	11771,37
04.09.2020	50,94	51,47	50,28	51,04	14952969	11622,13
08.09.2020	50,93	51,04	49,36	49,80	13143785	11068,26
09.09.2020	49,60	50,76	49,55	50,18	9530013	11395,85
10.09.2020	50,35	50,68	49,95	50,00	12159671	11152,96
11.09.2020	50,40	51,20	50,10	51,05	14029264	11087,4
14.09.2020	50,97	51,23	50,57	50,70	8045816	11277,76
15.09.2020	51,00	51,38	50,84	51,05	8558720	11438,87
16.09.2020	50,95	51,45	50,74	50,80	8891118	11247,6
17.09.2020	50,22	50,63	49,94	50,56	9852030	11080,95
18.09.2020	50,75	51,16	50,21	50,45	15640226	10936,98
21.09.2020	49,75	50,02	48,61	49,11	12061017	10980,22
22.09.2020	49,11	50,04	49,07	49,66	9160558	11186,37
23.09.2020	49,73	49,92	48,17	48,22	11217320	10833,33
24.09.2020	48,21	49,10	47,56	48,71	13376743	10896,47
25.09.2020	48,20	48,76	47,98	48,72	10163257	11151,13
28.09.2020	49,31	49,71	49,14	49,29	8185349	11364,45
29.09.2020	49,39	49,56	48,91	48,92	8038542	11322,95
30.09.2020	49,27	49,62	48,89	49,32	8290684	11418,06
01.10.2020	49,44	49,66	48,59	49,19	13734970	11583,2
02.10.2020	48,76	49,58	48,55	49,38	9256178	11255,69
05.10.2020	49,43	49,55	49,12	49,38	6895394	11509,06
06.10.2020	49,55	49,73	48,83	48,94	6753362	11291,27
07.10.2020	49,02	49,76	48,95	49,55	6833364	11503,19
08.10.2020	49,71	50,54	49,54	50,46	8689832	11550,94
09.10.2020	50,67	51,23	50,60	50,81	8019885	11725,85
12.10.2020	50,84	51,53	50,83	51,09	7626362	12087,1
13.10.2020	50,99	50,99	49,90	50,18	9810952	12083,17
14.10.2020	50,05	50,49	49,65	50,13	8286245	11985,36
15.10.2020	49,40	50,13	49,30	49,99	7606094	11898,57
16.10.2020	49,99	50,35	49,87	50,03	9957547	11852,17
19.10.2020	50,03	50,48	49,46	49,63	6884052	11634,35
20.10.2020	49,89	50,62	49,79	50,22	8743759	11677,84
21.10.2020	49,96	50,43	49,77	49,98	9215412	11665,37
22.10.2020	51,17	51,20	50,38	50,67	16388397	11662,91
23.10.2020	51,00	51,18	50,47	50,53	10654480	11692,57
26.10.2020	50,34	50,51	49,20	49,81	11145196	11504,52
27.10.2020	49,81	50,29	49,55	49,89	9591343	11598,95
28.10.2020	49,00	49,15	47,78	47,97	14090868	11143,2
29.10.2020	47,73	48,48	47,30	48,01	10592781	11350,74
30.10.2020	47,81	48,12	47,37	48,07	10731073	11052,95
02.11.2020	48,75	48,95	48,24	48,63	8668574	11079,35
03.11.2020	49,22	49,96	49,00	49,34	11140224	11276,57
04.11.2020	49,43	50,21	49,08	49,17	8347364	11776,29
05.11.2020	49,76	50,21	49,34	49,44	8187856	12085,85
06.11.2020	49,65	49,99	49,25	49,46	6513522	12091,81
09.11.2020	52,50	53,26	52,07	52,57	26340578	11828,05
10.11.2020	52,57	54,28	52,45	54,10	20062626	11630,57
11.11.2020	53,93	54,30	53,33	53,58	11504143	11892,3
12.11.2020	53,05	53,21	52,61	53,02	11046127	11824,85
13.11.2020	53,25	53,50	52,89	53,45	7300944	11937,84
16.11.2020	54,50	54,62	53,28	53,91	11320769	12017,25
17.11.2020	53,66	53,75	53,03	53,72	8669820	11979,06
18.11.2020	53,75	54,02	52,57	52,60	10858082	11893,03
19.11.2020	52,49	53,23	51,95	53,14	13005370	11988,89
20.11.2020	53,19	53,25	52,59	52,66	11356860	11906,44
23.11.2020	52,95	53,17	52,20	52,68	9653903	11905,94
24.11.2020	53,14	53,59	53,02	53,23	9430470	12079,74
25.11.2020	53,07	53,28	52,79	52,93	7261889	12152,89
27.11.2020	53,11	53,19	52,61	52,70	6902607	12258,21
30.11.2020	52,09	52,19	51,08	51,60	15930952	12281,49
01.12.2020	52,14	52,33	51,79	52,04	11026521	12450,8
02.12.2020	51,90	52,13	51,64	52,11	10527429	12456,41
03.12.2020	51,90	52,94	51,90	52,80	11245291	12466,93
04.12.2020	52,78	53,87	52,76	53,86	11345728	12525,98
07.12.2020	53,76	53,78	52,70	53,00	8091562	12596,47
08.12.2020	52,94	53,48	52,79	53,19	7200358	12635,72
09.12.2020	53,37	53,60	53,00	53,30	6906166	12360,75
10.12.2020	53,40	53,51	52,98	53,05	5776597	12402,23
11.12.2020	52,80	53,54	52,78	53,35	6974502	12375,47
14.12.2020	53,65	53,84	53,18	53,26	11959928	12455,61
15.12.2020	53,95	54,22	53,60	53,85	11009661	12595,33
16.12.2020	53,60	53,80	52,94	53,06	9739518	12668,14
17.12.2020	53,30	53,71	53,15	53,27	8013324	12752,37
18.12.2020	53,08	53,84	52,62	53,67	14766733	12714,23
21.12.2020	52,68	53,00	51,98	52,80	9004687	12690,31
22.12.2020	52,81	53,18	52,39	52,75	6679418	12716,29
23.12.2020	52,95	53,39	52,94	53,07	5002866	12653,14
24.12.2020	53,02	53,55	53,02	53,44	2713007	12711,01
28.12.2020	53,85	54,44	53,73	54,15	5678612	12838,86
29.12.2020	54,45	54,49	54,02	54,14	5745509	12843,49
30.12.2020	54,05	54,63	54,03	54,45	5775040	12845,36
31.12.2020	54,45	54,93	54,27	54,82	5285334	12889,48
04.01.2021	54,27	54,63	52,03	52,76	19089684	12696,66
05.01.2021	52,33	52,62	52,03	52,18	14341295	12802,38
06.01.2021	51,97	52,02	50,19	50,53	28571266	12623,24
07.01.2021	50,09	50,26	49,52	49,95	44072173	12939,57
08.01.2021	50,03	51,13	49,84	51,09	22161258	13105,21
11.01.2021	50,62	50,86	49,95	50,20	15235916	12907,34
12.01.2021	50,04	50,37	49,76	50,11	13738145	12892,53
13.01.2021	49,98	50,36	49,95	50,15	13682216	12973,64
14.01.2021	50,12	50,18	49,22	49,23	24269808	12901,74
15.01.2021	49,16	49,18	48,53	48,70	18808737	12803,53
19.01.2021	48,74	49,04	48,24	48,51	20686296	12996,79
20.01.2021	48,54	48,82	48,31	48,66	18271050	13295,96
21.01.2021	48,78	49,09	48,46	48,96	15552085	13404,98
22.01.2021	48,81	48,94	48,49	48,49	10955661	13365
25.01.2021	48,42	48,84	48,24	48,79	11739465	13483,29
26.01.2021	48,91	49,40	48,61	49,29	9718219	13490,19
27.01.2021	48,89	49,32	48,23	48,54	16296314	13116,3
28.01.2021	48,75	49,50	48,61	49,14	13353539	13201,53
29.01.2021	49,03	49,12	48,11	48,14	12298402	12918,25
01.02.2021	48,27	48,69	48,18	48,48	9272483	13246,58
02.02.2021	48,80	49,35	48,63	48,95	9632384	13460,09
03.02.2021	48,95	49,09	48,67	48,76	8366291	13400,98
04.02.2021	48,96	49,07	48,65	49,01	16810437	13561,29
05.02.2021	49,50	49,78	49,27	49,64	9644249	13604,61
08.02.2021	49,96	50,17	49,49	49,91	14095325	13694,88
09.02.2021	49,85	50,02	49,63	49,68	10671770	13685,99
10.02.2021	50,41	50,58	49,53	49,61	17387690	13656,69
11.02.2021	49,81	50,59	49,74	50,30	19220008	13739,94
12.02.2021	50,57	50,85	50,39	50,70	10522391	13808,95
16.02.2021	50,62	50,72	50,16	50,27	10746985	13776,47
17.02.2021	50,00	50,49	49,89	50,14	10125750	13699,53
18.02.2021	50,16	50,85	50,03	50,78	9830681	13633,96
19.02.2021	50,79	50,83	49,97	50,12	11162607	13580,7
22.02.2021	49,85	50,88	49,67	50,62	10081155	13227,37
23.02.2021	51,00	51,51	50,42	50,54	13125827	13194,58
24.02.2021	50,39	50,90	50,13	50,70	11599071	13308,19
25.02.2021	50,47	50,75	49,98	50,17	11106300	12827,09
26.02.2021	50,20	50,21	48,98	48,99	14819441	12917,09
01.03.2021	49,44	50,44	49,40	49,90	10868888	13284,64
02.03.2021	49,84	50,56	49,70	50,11	8482659	13060,11
03.03.2021	49,72	50,56	49,71	49,97	11615463	12682,58
04.03.2021	50,31	51,09	49,62	49,94	17665711	12470,94
05.03.2021	50,05	50,95	49,90	50,79	16140450	12665,67
08.03.2021	51,47	52,49	51,16	51,64	19670707	12294,91
09.03.2021	51,72	51,88	50,84	50,86	18095861	12787,33
10.03.2021	51,18	51,63	50,72	51,45	16377266	12752,07
11.03.2021	51,41	51,43	50,81	50,88	12042322	13052,99
12.03.2021	50,59	50,68	50,20	50,35	14020123	12938,76
15.03.2021	50,50	51,12	50,47	51,03	10121530	13082,54
16.03.2021	51,20	51,52	51,04	51,21	10025266	13152,28
17.03.2021	51,25	51,62	51,15	51,26	11752588	13202,38
18.03.2021	51,06	51,19	50,49	50,56	14309060	12789,14
19.03.2021	50,46	51,08	50,17	50,72	24532915	12866,99
22.03.2021	50,32	51,08	50,32	51,00	11747777	13086,51
23.03.2021	50,99	51,65	50,83	51,38	12143553	13017,79
24.03.2021	51,17	51,89	51,15	51,51	11489457	12798,88
25.03.2021	51,70	52,06	51,17	52,03	13661344	12780,51
26.03.2021	52,14	53,11	51,76	53,04	13649641	12979,12
29.03.2021	52,73	53,94	52,71	53,85	12875599	12965,74
30.03.2021	53,75	53,79	52,93	53,16	11238698	12896,53
31.03.2021	53,03	53,17	52,50	52,73	10234678	13091,44
01.04.2021	52,96	53,15	52,46	52,50	11584707	13329,52
05.04.2021	52,35	53,22	52,29	52,80	11152716	13598,16
06.04.2021	53,04	53,65	52,90	53,19	11302978	13578,46
07.04.2021	53,28	53,50	53,12	53,28	5958444	13616,7
08.04.2021	53,17	53,38	52,97	53,14	6466038	13758,51
09.04.2021	53,17	53,28	52,81	53,17	7609357	13845,06
12.04.2021	53,33	53,55	53,10	53,36	6514619	13819,35
13.04.2021	53,04	53,29	52,81	53,09	7852545	13986,49
14.04.2021	52,98	53,19	52,65	53,09	7302410	13803,91
15.04.2021	53,13	53,66	53,12	53,34	8805228	14026,19
16.04.2021	53,74	53,80	53,38	53,68	10526556	14041,91
19.04.2021	54,00	54,36	53,30	54,01	14514322	13907,67
20.04.2021	53,84	54,59	53,81	54,18	11255570	13809,3
21.04.2021	54,24	54,74	54,24	54,63	8652276	13935,15
22.04.2021	54,47	54,87	54,32	54,44	9331619	13762,36
23.04.2021	54,40	54,59	54,17	54,46	6625922	13941,44
26.04.2021	54,47	54,51	53,58	53,67	8073672	14026,16
27.04.2021	53,56	53,70	53,32	53,58	6510538	13960,28
28.04.2021	53,98	54,05	53,44	53,60	7894763	13901,62
29.04.2021	53,54	54,36	53,43	54,26	11566031	13970,2
30.04.2021	54,25	54,27	53,69	53,99	8827617	13860,76
03.05.2021	54,27	54,80	54,16	54,50	7713615	13799,72
04.05.2021	54,57	54,62	53,94	54,16	10208557	13544,7
05.05.2021	54,14	54,24	53,71	54,00	7090515	13503,37
06.05.2021	54,12	54,61	54,05	54,54	8249437	13613,73
07.05.2021	54,44	54,77	54,16	54,50	7383420	13719,63
10.05.2021	54,88	55,50	54,83	54,90	10815572	13359,08
11.05.2021	55,03	55,14	54,05	54,32	10271150	13351,27
12.05.2021	54,36	54,56	53,88	54,05	12126973	13001,63
13.05.2021	53,97	54,78	53,83	54,50	11596730	13109,15
14.05.2021	54,90	55,10	54,69	54,70	9009470	13393,12
17.05.2021	54,84	55,02	54,50	54,64	8153372	13312,91
18.05.2021	54,39	54,56	54,10	54,33	9180080	13217,68
19.05.2021	54,12	54,18	53,61	54,17	10842249	13237,91
20.05.2021	54,12	54,80	54,12	54,66	7866268	13494,09
21.05.2021	54,80	55,12	54,22	54,62	11912949	13411,74
24.05.2021	54,63	54,93	54,49	54,80	6879091	13641,75
25.05.2021	54,82	54,82	54,35	54,79	9200451	13657,73
26.05.2021	54,98	55,05	54,59	55,03	12093747	13702,74
27.05.2021	55,21	55,57	54,78	55,33	18454447	13657,85
28.05.2021	55,35	55,71	55,20	55,29	13097045	13686,51
01.06.2021	55,34	55,65	55,10	55,28	9136177	13654,59
02.06.2021	55,50	55,56	55,26	55,50	7932685	13675,79
03.06.2021	55,18	55,74	55,10	55,63	9559777	13529,68
04.06.2021	55,90	56,48	55,78	56,26	11035334	13770,77
07.06.2021	56,31	56,34	55,81	56,05	6175354	13802,89
08.06.2021	56,25	56,25	55,55	55,66	7456470	13810,86
09.06.2021	55,75	55,92	55,48	55,48	6389312	13814,94
10.06.2021	55,91	56,12	55,76	55,91	7404164	13960,35
11.06.2021	55,99	56,21	55,66	56,16	8547291	13998,3
14.06.2021	55,69	55,71	55,20	55,55	6918198	14128,2
15.06.2021	55,78	55,79	55,19	55,42	7091654	14031,36
16.06.2021	55,44	55,46	54,64	54,67	10826262	13983,01
17.06.2021	54,67	55,15	54,65	54,95	7915214	14163,81
18.06.2021	54,51	54,62	53,73	53,73	20282217	14049,58
21.06.2021	54,22	54,43	54,00	54,36	10408690	14137,23
22.06.2021	54,34	54,85	54,26	54,56	9431730	14270,42
23.06.2021	54,56	54,60	54,11	54,12	9422441	14274,24
24.06.2021	54,26	54,42	54,00	54,39	8570199	14365,96
25.06.2021	54,24	54,47	54,01	54,30	8175714	14345,18
28.06.2021	54,25	54,37	54,00	54,26	7594582	14524,98
29.06.2021	54,13	54,34	53,72	53,87	10345866	14572,75
30.06.2021	53,80	54,18	53,75	54,10	10808316	14554,8
01.07.2021	54,34	54,48	53,86	53,97	10208563	14560,05
02.07.2021	54,00	54,45	54,00	54,18	7782526	14727,63
06.07.2021	53,99	54,09	53,55	53,88	11491933	14786,36
07.07.2021	53,72	54,38	53,72	54,33	6756618	14810,54
08.07.2021	54,01	54,17	53,74	54,13	8143595	14722,14
09.07.2021	54,25	54,52	54,18	54,46	6120237	14826,09
12.07.2021	54,32	54,60	54,27	54,47	8192274	14877,89
13.07.2021	54,95	55,30	54,75	55,04	11567128	14874,54
14.07.2021	55,02	56,35	54,96	56,30	17079521	14900,44
15.07.2021	56,24	56,47	55,91	56,44	10935996	14794,69
16.07.2021	56,46	56,68	56,26	56,40	11027920	14681,38
19.07.2021	56,08	56,35	55,16	55,72	13916822	14549,09
20.07.2021	55,73	56,33	55,52	55,82	11219794	14728,21
21.07.2021	57,33	57,56	56,43	56,56	16669253	14842,63
22.07.2021	56,62	56,74	56,05	56,48	11306244	14940,17
23.07.2021	56,59	57,33	56,45	57,02	8738082	15111,79
26.07.2021	56,89	57,12	56,56	57,04	5972914	15125,95
27.07.2021	57,11	57,54	56,92	57,27	9891727	14956,97
28.07.2021	56,99	57,16	56,63	56,74	6784818	15018,1
29.07.2021	57,07	57,25	56,86	57,05	5515047	15048,36
30.07.2021	57,15	57,25	56,90	57,03	5940102	14959,9
02.08.2021	57,20	57,24	56,71	56,87	6270269	14963,62
03.08.2021	57,00	57,00	56,75	56,92	5470805	15061,42
04.08.2021	56,75	56,95	56,01	56,11	9055969	15083,39
05.08.2021	56,44	56,59	56,29	56,48	6389188	15181,64
06.08.2021	56,60	56,74	56,44	56,64	7364905	15109,36
09.08.2021	56,80	56,88	56,43	56,65	6129883	15133,11
10.08.2021	56,84	57,17	56,66	56,81	7040961	15053,58
11.08.2021	56,89	57,18	56,71	56,71	6081824	15027,76
12.08.2021	56,73	56,98	56,73	56,84	4231404	15088,98
13.08.2021	56,81	57,30	56,77	57,23	5766972	15136,68
16.08.2021	57,20	57,49	57,03	57,48	5715051	15140,77
17.08.2021	57,46	57,56	57,01	57,29	7282369	15002,83
18.08.2021	57,19	57,23	56,42	56,51	10812044	14857,92
19.08.2021	56,06	56,98	55,95	56,86	6863740	14933,94
20.08.2021	56,84	57,03	56,58	56,63	8047791	15092,57
23.08.2021	56,67	56,75	56,38	56,45	6646358	15312,63
24.08.2021	56,64	56,64	55,90	56,00	9135511	15357,68
25.08.2021	56,06	56,17	55,73	56,06	8906395	15368,92
26.08.2021	55,95	55,98	55,51	55,54	8252964	15278,52
27.08.2021	55,66	55,79	55,45	55,65	6605702	15432,95
30.08.2021	55,69	56,20	55,64	56,16	7684944	15605,09
31.08.2021	56,16	56,52	56,00	56,31	7635407	15582,51
01.09.2021	56,38	56,80	56,28	56,70	7033445	15611,57
02.09.2021	56,77	57,03	56,41	56,78	8455953	15604,25
03.09.2021	56,46	56,77	56,25	56,74	8151114	15652,86
07.09.2021	56,60	56,69	55,51	55,66	11489108	15675,76
08.09.2021	55,61	56,48	55,61	56,42	8759681	15620,85
09.09.2021	56,18	56,42	55,80	55,85	8233263	15561,05
10.09.2021	56,01	56,13	55,52	55,61	8176031	15440,75
13.09.2021	55,74	56,40	55,74	56,07	12229557	15434,5
14.09.2021	55,92	55,98	55,55	55,70	10338534	15382,9
15.09.2021	55,68	56,00	55,42	55,89	9496303	15503,53
16.09.2021	55,72	55,99	54,82	55,36	12639612	15515,91
17.09.2021	55,02	55,19	54,37	54,42	17966314	15333,47
20.09.2021	54,11	54,40	53,73	54,05	14898337	15012,19
21.09.2021	54,39	54,82	53,94	54,05	9561913	15027,77
22.09.2021	54,51	54,56	54,06	54,13	7787833	15176,51
23.09.2021	54,26	54,62	54,00	54,03	9233424	15316,58
24.09.2021	54,00	54,24	53,86	53,89	7290993	15329,68
27.09.2021	53,85	54,25	53,57	53,60	9098485	15204,82
28.09.2021	53,46	53,46	52,43	52,65	15228315	14770,52
29.09.2021	52,64	53,16	52,56	52,95	10150187	14753,24
30.09.2021	53,17	53,33	52,45	52,45	12816280	14689,62
01.10.2021	52,78	53,20	52,57	53,02	12618973	14791,87
04.10.2021	53,06	53,53	52,40	53,00	14970907	14472,12
05.10.2021	53,02	53,47	52,93	53,09	13598634	14674,15
06.10.2021	52,77	53,77	52,51	53,72	13220212	14766,75
07.10.2021	53,99	54,28	53,81	53,88	10079341	14897,13
08.10.2021	54,00	54,39	53,90	54,13	10179308	14820,75
11.10.2021	54,21	54,39	54,01	54,22	9908373	14713,73
12.10.2021	54,42	54,83	54,23	54,24	12385450	14662,11
13.10.2021	54,17	54,43	53,79	54,25	9054820	14774,6
14.10.2021	54,39	54,81	54,31	54,60	8538239	15052,42
15.10.2021	54,64	54,88	54,29	54,48	12922228	15146,92
18.10.2021	54,35	54,39	53,86	53,94	10573808	15300,89
19.10.2021	54,04	54,20	53,77	54,15	9064542	15410,72
20.10.2021	54,18	54,76	54,11	54,63	8912573	15388,71
21.10.2021	54,60	54,67	54,21	54,35	10502659	15489,59
22.10.2021	54,39	54,53	54,07	54,46	10081716	15355,07
25.10.2021	54,38	54,47	54,02	54,24	9403813	15514,19
26.10.2021	54,32	54,58	54,23	54,46	9756586	15559,49
27.10.2021	55,97	56,08	55,27	55,51	17576618	15598,39
28.10.2021	55,75	56,11	55,62	56,03	12899956	15778,16
29.10.2021	55,87	56,47	55,78	56,37	18090228	15850,47
01.11.2021	56,39	56,40	55,90	56,17	8977341	15905,28
02.11.2021	56,47	56,50	55,97	56,11	8474835	15972,49
03.11.2021	56,00	56,33	55,78	56,30	8476841	16144,5
04.11.2021	56,11	56,63	56,03	56,60	8276836	16346,24
05.11.2021	56,84	57,16	56,59	56,85	9879091	16359,38
08.11.2021	56,75	56,89	56,13	56,34	6917559	16335,58
09.11.2021	56,41	56,52	56,09	56,49	6834017	16219,94
10.11.2021	56,54	56,92	56,29	56,71	6735213	15984,09
11.11.2021	56,83	56,88	56,57	56,72	5813188	16031,83
12.11.2021	56,75	56,99	56,55	56,60	6285970	16199,89
15.11.2021	56,53	56,68	56,27	56,63	6834125	16191,05
16.11.2021	56,62	56,94	56,19	56,24	8328379	16306,79
17.11.2021	56,04	56,05	55,65	55,91	8423646	16311,83
18.11.2021	55,83	55,93	55,14	55,41	10201528	16483,33
19.11.2021	55,44	55,49	54,90	55,13	10924534	16574,46
22.11.2021	55,10	56,02	55,08	55,46	12194531	16381,03
23.11.2021	55,66	56,11	55,50	55,88	9291479	16314,19
24.11.2021	55,71	55,84	55,03	55,43	9837804	16367,41
26.11.2021	54,59	54,75	53,58	53,73	13098201	16025,58
29.11.2021	54,05	54,73	53,93	54,57	14163133	16397,66
30.11.2021	53,60	53,63	52,44	52,45	18437952	16146,04
01.12.2021	52,98	53,52	52,28	52,30	14984490	15868,56
02.12.2021	52,60	53,34	52,51	53,08	12114774	15997,59
03.12.2021	53,33	53,61	52,98	53,55	15680729	15717,58
06.12.2021	54,31	55,25	54,14	54,92	16916127	15846,16
07.12.2021	55,02	55,42	54,85	55,21	16828947	16326,95
08.12.2021	55,12	55,35	54,36	54,99	12078540	16393,91
09.12.2021	54,75	55,13	54,59	54,85	9462420	16149,57
10.12.2021	55,25	56,32	55,07	56,27	15589644	16329,44
13.12.2021	56,98	57,93	56,96	57,77	23606704	16085,3
14.12.2021	57,40	58,17	57,40	57,83	16653100	15919,07
15.12.2021	57,93	58,25	57,65	58,06	20253658	16284,75
16.12.2021	57,98	58,88	57,90	58,65	18571601	15867,27
17.12.2021	58,49	58,92	57,70	57,97	22638306	15797,12
20.12.2021	57,20	57,78	57,00	57,55	15746411	15623,1
21.12.2021	57,61	57,97	57,53	57,77	11850148	15993,29
22.12.2021	57,71	58,19	57,49	58,18	8481099	16179,47
23.12.2021	58,52	58,61	57,94	58,22	7512435	16304,9
27.12.2021	58,00	58,69	58,00	58,65	7049863	16567,5
28.12.2021	58,40	58,94	58,30	58,89	7071104	16486,68
29.12.2021	58,95	59,10	58,66	58,95	7328449	16490,2
30.12.2021	59,06	59,23	58,76	58,78	5328654	16436,09
31.12.2021	58,75	59,35	58,70	59,22	6470396	16321,39
03.01.2022	58,82	59,31	58,38	59,30	14367223	16496,56
04.01.2022	59,73	60,54	59,59	60,28	20117699	16277,77
05.01.2022	60,09	61,20	60,05	60,81	15338441	15775,04
06.01.2022	60,47	61,12	60,44	60,47	12935278	15767,14
07.01.2022	60,28	60,72	60,06	60,33	9006045	15585,94
10.01.2022	60,55	60,82	60,18	60,42	12940808	15614,06
11.01.2022	60,43	60,49	59,84	60,48	13251480	15845,73
12.01.2022	60,53	60,69	60,19	60,55	10147483	15903,74
13.01.2022	60,54	61,04	60,39	60,93	9971764	15500,35
14.01.2022	60,94	61,45	60,36	61,37	11207082	15607,94
18.01.2022	61,06	61,19	60,45	60,90	14532954	15214,23
19.01.2022	60,66	61,18	60,56	61,00	12889155	15046,96
20.01.2022	61,00	61,44	60,72	60,75	18461126	14846,12
21.01.2022	61,08	61,30	60,40	60,40	21455885	14432,81
24.01.2022	59,90	60,35	58,57	59,97	22189192	14516,55
25.01.2022	59,36	60,05	58,69	59,83	13682619	14142,62
26.01.2022	59,79	60,35	59,21	59,65	14405141	14180,94
27.01.2022	59,88	60,93	59,50	59,65	14410003	13998,89
28.01.2022	59,39	60,89	58,94	60,84	14575323	14451,05
31.01.2022	60,30	61,14	60,15	61,00	14190472	14933,61
01.02.2022	60,91	61,14	60,16	60,54	15412112	15013,49
02.02.2022	60,62	61,27	60,56	61,17	15294614	15135,37
03.02.2022	60,94	61,78	60,59	61,61	16078056	14497,19
04.02.2022	61,49	61,68	60,57	60,96	13200923	14690,35
07.02.2022	61,38	61,72	60,86	61,60	13801833	14571,08
08.02.2022	61,83	62,33	61,74	62,00	15351751	14743,16
09.02.2022	62,17	62,32	60,90	61,05	19129533	15057,9
10.02.2022	60,36	62,30	60,20	61,38	17024607	14705,75
11.02.2022	61,77	61,98	60,15	60,29	14728085	14246,5
14.02.2022	60,16	60,79	59,28	60,67	16348657	14269,9
15.02.2022	60,96	61,78	60,63	60,90	9963495	14620,83
16.02.2022	60,86	61,40	60,56	60,92	9042009	14604,26
17.02.2022	60,55	62,28	60,41	62,11	17619348	14171,82
18.02.2022	62,12	62,82	61,99	62,55	16705401	14001,44
22.02.2022	62,43	62,64	61,72	62,28	15973155	13872,13
23.02.2022	62,24	62,33	61,34	61,61	14909615	13513,12
24.02.2022	59,97	60,62	59,22	60,51	20346691	13963,41
25.02.2022	60,94	62,90	60,92	62,84	17012647	14190,83
28.02.2022	61,65	62,34	61,41	62,24	17597258	14226,29
01.03.2022	62,14	62,75	61,51	61,97	12343545	14007,42
02.03.2022	62,23	62,88	61,78	62,42	12606133	14242,07
03.03.2022	62,61	63,02	62,29	62,45	14309942	14036,45
04.03.2022	61,46	62,59	61,20	62,57	13188329	13837,76
07.03.2022	62,01	62,07	60,72	61,08	19983350	13315,48
08.03.2022	61,45	61,54	58,59	58,65	25062927	13265,38
09.03.2022	59,82	59,84	58,66	58,97	14254891	13737,06
10.03.2022	58,48	58,66	57,50	57,88	15696073	13590,79
11.03.2022	57,96	58,85	57,86	57,94	14542638	13301,81
14.03.2022	57,97	59,04	57,97	58,55	11123163	13046,64
15.03.2022	59,08	59,89	58,98	59,65	11175211	13458,56
16.03.2022	59,78	59,94	58,61	59,46	12989459	13956,79
17.03.2022	59,46	60,14	59,23	60,11	10256820	14118,6
18.03.2022	60,30	60,30	59,71	60,09	12726317	14420,08
21.03.2022	60,50	61,10	60,25	60,59	10337852	14376,09
22.03.2022	60,93	60,95	60,06	60,80	10493346	14654,33
23.03.2022	60,75	60,98	60,00	60,37	10568069	14447,55
24.03.2022	60,64	61,02	60,46	60,96	7688350	14765,69
25.03.2022	61,12	61,61	61,05	61,54	6233512	14754,31
28.03.2022	61,53	61,94	61,21	61,92	7844526	14987,4
29.03.2022	62,21	62,53	61,74	62,17	10944456	15239,32
30.03.2022	62,01	62,21	61,56	62,21	10104906	15071,55
31.03.2022	62,22	62,64	62,00	62,00	10334709	14838,49
01.04.2022	62,33	62,95	62,09	62,86	8808635	14861,21
04.04.2022	62,60	62,79	61,72	62,54	7580147	15159,58
05.04.2022	62,40	63,24	62,37	62,48	12101605	14820,64
06.04.2022	62,77	63,26	62,30	63,10	15148072	14498,89
07.04.2022	63,13	63,67	62,71	63,46	9789208	14531,81
08.04.2022	63,48	64,04	63,16	63,84	9391977	14327,26
11.04.2022	63,91	64,30	63,64	63,85	8622373	13990,21
12.04.2022	64,38	64,81	63,89	64,55	13202240	13940,24
13.04.2022	64,44	64,87	64,23	64,73	8650047	14217,29
14.04.2022	64,96	65,57	64,82	65,03	12643758	13893,21
18.04.2022	64,77	65,18	64,18	64,43	7473824	13910,76
19.04.2022	64,50	65,25	64,44	65,08	7839446	14210,26
20.04.2022	65,44	66,24	65,40	65,97	10344423	13998,53
21.04.2022	65,98	67,00	65,72	66,20	10260596	13720,45
22.04.2022	66,08	66,34	65,18	65,29	9924496	13356,87
25.04.2022	67,00	67,20	64,78	65,95	19491995	13533,22
26.04.2022	65,52	66,37	65,04	65,04	16036131	13013,28
27.04.2022	65,00	66,28	65,00	65,55	11880704	13003,36
28.04.2022	64,66	66,28	64,50	66,20	16376895	13460,56
29.04.2022	65,87	66,03	64,49	64,64	13411060	12854,8
02.05.2022	65,28	65,31	62,58	63,44	18745709	13076,53
03.05.2022	63,72	63,94	62,67	63,08	14427115	13090,55
04.05.2022	63,00	65,12	62,94	65,04	14124776	13535,71
05.05.2022	64,69	65,03	64,01	64,55	14161492	12852,56
06.05.2022	64,20	65,31	64,07	64,76	14561426	12693,53
09.05.2022	64,47	65,37	64,04	64,61	14403230	12187,72
10.05.2022	64,50	65,32	63,85	64,01	14748918	12345,86
11.05.2022	64,33	65,20	63,96	64,32	14239954	11967,56
12.05.2022	64,16	64,53	63,21	64,52	16915630	11945,5
13.05.2022	64,81	65,80	64,12	65,72	11032606	12387,4
16.05.2022	65,44	66,38	65,44	66,01	8919557	12243,58
17.05.2022	66,10	66,10	65,01	65,79	16038015	12564,1
18.05.2022	65,42	65,52	60,96	61,20	25087479	11928,31
19.05.2022	60,96	60,96	59,66	59,97	25848932	11875,63
20.05.2022	60,49	61,24	59,66	60,98	22648306	11835,62
23.05.2022	61,65	63,10	61,59	62,88	14311515	12034,28
24.05.2022	62,88	64,19	62,75	64,05	11867077	11769,84
25.05.2022	64,00	64,48	63,60	64,07	11214577	11944,2
26.05.2022	64,07	65,10	63,96	64,30	10741190	12274,4
27.05.2022	64,26	64,83	64,14	64,68	10680265	12681,42
31.05.2022	64,08	64,32	63,05	63,42	15444459	12642,1
01.06.2022	63,42	63,68	62,13	63,06	11353665	12548,36
02.06.2022	63,18	63,74	62,11	63,73	9960616	12892,89
03.06.2022	63,57	63,63	62,81	62,97	8461016	12548,03
06.06.2022	63,33	63,77	62,66	62,86	8101509	12599,63
07.06.2022	62,38	63,37	62,22	63,24	7436174	12711,68
08.06.2022	62,99	63,21	62,56	62,90	6344852	12615,13
09.06.2022	62,87	63,35	61,78	61,81	7916655	12269,78
10.06.2022	61,01	61,89	60,46	61,40	9283126	11832,82
13.06.2022	60,75	62,29	60,67	61,36	18259748	11288,32
14.06.2022	60,73	60,89	58,66	59,24	16241314	11311,69
15.06.2022	60,00	60,64	58,97	59,66	13825858	11593,77
16.06.2022	58,64	59,52	58,25	59,08	11454111	11127,57
17.06.2022	59,70	60,13	59,13	59,43	18739570	11265,99
21.06.2022	59,49	60,88	59,01	60,72	10844387	11546,76
22.06.2022	60,60	61,45	60,32	61,12	10855559	11527,71
23.06.2022	61,30	61,91	61,23	61,87	13076154	11697,68
24.06.2022	62,11	63,06	62,11	63,06	10003816	12105,85
27.06.2022	62,98	63,29	62,63	62,90	8397877	12008,24
28.06.2022	63,08	63,76	62,11	62,28	9138997	11637,77
29.06.2022	62,54	63,11	62,43	62,72	8831870	11658,26
30.06.2022	62,32	63,11	62,16	62,94	9878149	11503,7
01.07.2022	63,12	64,45	62,82	64,41	10672232	11585,68
05.07.2022	64,18	64,18	62,42	63,29	9083386	11779,9
06.07.2022	63,60	64,09	63,19	63,42	9597186	11852,59
07.07.2022	63,26	63,58	62,70	62,91	10561514	12109,05
08.07.2022	63,03	63,42	62,88	63,15	7944515	12125,69
11.07.2022	62,99	63,46	62,59	62,95	6679095	11860,28
12.07.2022	63,00	63,45	62,47	62,68	8634206	11744,99
13.07.2022	62,33	63,00	61,98	62,37	9542776	11728,53
14.07.2022	61,33	62,25	61,30	62,17	8739541	11768,4
15.07.2022	62,75	62,97	62,07	62,48	7843180	11983,62
18.07.2022	62,52	62,56	61,51	61,65	7227467	11877,32
19.07.2022	62,09	62,65	61,93	62,50	7268903	12249,42
20.07.2022	62,40	62,58	61,15	61,51	7495747	12439,68
21.07.2022	61,26	61,88	60,79	61,37	8814485	12619,41
22.07.2022	61,38	61,87	61,32	61,63	8069089	12396,47
25.07.2022	61,55	62,30	61,31	62,19	10645085	12328,4
26.07.2022	62,75	63,80	62,53	63,21	14976087	12086,9
27.07.2022	62,88	63,19	61,79	63,01	8545398	12601,47
28.07.2022	62,92	64,25	62,89	64,06	7916616	12717,87
29.07.2022	63,71	64,29	63,63	64,20	7641925	12947,97
01.08.2022	64,09	65,04	64,03	64,52	7890206	12940,78
02.08.2022	64,59	64,60	63,43	63,64	8362791	12901,6
03.08.2022	63,55	64,10	63,31	63,91	7045462	13253,26
04.08.2022	63,64	63,73	62,92	63,68	7919363	13311,04
05.08.2022	63,63	63,63	62,67	63,38	7477640	13207,69
08.08.2022	63,50	63,81	62,75	62,98	5157612	13159,16
09.08.2022	63,18	63,31	62,85	63,05	4995858	13008,17
10.08.2022	63,63	63,79	63,10	63,65	6275644	13378,32
11.08.2022	63,69	63,99	63,08	63,24	5458647	13291,99
12.08.2022	63,43	63,76	63,09	63,70	5223251	13565,87
15.08.2022	63,64	64,69	63,57	64,49	5899971	13667,9
16.08.2022	64,57	65,23	64,33	65,03	5754306	13635,21
17.08.2022	64,83	65,22	64,76	64,88	5864437	13470,86
18.08.2022	64,96	65,35	64,71	65,23	3785212	13505,99
19.08.2022	65,21	65,47	64,96	65,17	5380853	13242,9
22.08.2022	64,84	64,92	63,99	64,21	6617014	12890,54
23.08.2022	63,82	64,37	63,68	64,27	6197639	12881,79
24.08.2022	64,24	64,58	64,05	64,37	4471689	12917,86
25.08.2022	64,36	64,71	63,90	64,71	5074033	13143,58
26.08.2022	64,73	64,80	62,98	63,13	6716800	12605,17
29.08.2022	62,69	63,03	62,41	62,74	6263197	12484,32
30.08.2022	62,91	62,91	61,99	62,15	5662130	12342,7
31.08.2022	62,38	62,53	61,70	61,71	7027287	12272,03
01.09.2022	61,58	62,04	61,29	61,99	9786114	12274,62
02.09.2022	62,39	62,77	60,90	61,16	7506547	12098,44
06.09.2022	61,29	61,97	60,99	61,20	7931641	12011,31
07.09.2022	61,32	62,49	61,32	62,35	8587795	12259,39
08.09.2022	62,08	62,30	61,34	62,12	8200831	12321,19
09.09.2022	62,17	62,88	61,86	62,34	7046783	12588,29
12.09.2022	62,43	62,81	62,27	62,50	6731664	12739,72
13.09.2022	62,20	62,22	60,28	60,47	10085147	12033,62
14.09.2022	60,64	61,08	60,44	60,79	8818352	12134,4
15.09.2022	60,40	60,40	59,36	59,53	7622273	11927,49
16.09.2022	59,66	59,80	59,11	59,52	11053561	11861,38
19.09.2022	59,39	60,10	59,23	60,00	9122421	11953,27
20.09.2022	59,68	60,03	59,32	59,91	8059636	11851,54
21.09.2022	60,14	60,70	59,40	59,40	10094954	11637,79
22.09.2022	59,55	59,73	59,20	59,25	8542149	11501,65
23.09.2022	58,96	59,10	58,00	58,61	9439644	11311,24
26.09.2022	58,49	58,57	57,69	57,88	11149394	11254,03
27.09.2022	58,08	58,37	56,31	56,40	16021798	11271,73
28.09.2022	56,66	57,25	55,91	56,98	15691472	11493,83
29.09.2022	57,09	57,29	56,00	56,59	10261309	11164,78
30.09.2022	56,87	57,13	56,00	56,08	9538295	10971,22
03.10.2022	56,36	56,85	56,06	56,66	10468259	11229,73
04.10.2022	56,95	57,81	56,46	56,80	13763933	11582,54
05.10.2022	56,50	56,65	55,51	56,24	10859414	11573,18
06.10.2022	56,00	56,10	54,87	55,02	12673416	11485,5
07.10.2022	54,99	55,09	54,25	54,51	7704282	11039,47
10.10.2022	54,60	54,96	54,02	54,36	7995387	10926,97
11.10.2022	54,46	55,22	54,24	54,49	9994956	10791,35
12.10.2022	55,23	56,04	55,04	55,14	13483349	10785,6
13.10.2022	54,48	56,08	54,26	55,88	9504813	11033,58
14.10.2022	56,29	56,47	54,94	55,07	11894933	10692,06
17.10.2022	55,69	56,22	55,64	55,69	9257900	11062,53
18.10.2022	56,31	56,78	56,10	56,46	7960738	11147,74
19.10.2022	56,31	56,54	55,73	55,96	6566356	11103,38
20.10.2022	55,77	55,92	54,96	55,08	11783968	11046,71
21.10.2022	55,00	56,11	54,99	55,97	11008439	11310,33
24.10.2022	56,64	57,73	56,57	57,62	12616831	11430,29
25.10.2022	59,04	59,11	57,75	58,99	21567594	11669,99
26.10.2022	59,01	59,78	58,86	59,41	12211545	11405,9
27.10.2022	59,77	59,84	59,38	59,59	10517011	11191,63
28.10.2022	59,57	60,91	59,47	60,78	8795414	11546,21
31.10.2022	60,51	60,57	59,67	59,88	7775229	11405,57
01.11.2022	60,03	60,29	59,37	59,62	6759074	11288,73
02.11.2022	59,64	60,23	58,77	58,79	9810359	10906,34
03.11.2022	58,11	59,00	58,10	58,76	6336605	10690,6
04.11.2022	59,30	59,59	58,56	59,26	7010619	10857,03
07.11.2022	59,26	59,77	59,24	59,49	5594511	10978,47
08.11.2022	59,75	59,79	58,94	59,59	6915267	11059,5
09.11.2022	59,59	59,64	58,75	58,81	5878496	10797,89
10.11.2022	60,25	61,04	59,68	60,86	11729026	11601,46
11.11.2022	61,37	61,45	60,21	61,32	14550960	11815,86
14.11.2022	61,32	61,72	60,71	60,77	10430747	11700,9
15.11.2022	61,13	61,45	60,00	60,62	9189034	11871,84
16.11.2022	60,79	61,03	60,29	60,54	9238358	11699,1
17.11.2022	60,19	60,74	60,13	60,73	6542913	11676,9
18.11.2022	60,99	61,37	60,80	61,17	7121585	11679,37
21.11.2022	61,41	62,21	61,20	62,10	7910050	11553,61
22.11.2022	62,47	62,50	62,05	62,36	5557340	11725,91
23.11.2022	62,49	62,79	62,30	62,65	4749996	11838,71
25.11.2022	62,73	62,81	62,38	62,69	3343112	11756,03
28.11.2022	62,69	63,10	62,56	62,70	6906786	11587,89
29.11.2022	62,52	62,57	61,98	62,47	6063922	11503,5
30.11.2022	62,01	63,68	61,75	63,60	11895414	12030,1
01.12.2022	63,61	64,11	63,43	63,81	7678803	12042,33
02.12.2022	63,61	64,52	63,40	64,37	7025049	11994,3
05.12.2022	63,41	63,80	63,26	63,46	6361633	11786,8
06.12.2022	63,52	63,88	63,23	63,44	6493974	11549,7
07.12.2022	63,45	63,72	63,25	63,51	6485348	11496,86
08.12.2022	63,60	63,85	63,35	63,82	6926317	11637,5
09.12.2022	63,61	63,84	63,09	63,12	9004581	11562,77
12.12.2022	63,30	64,01	63,01	63,98	7208807	11706,4
13.12.2022	64,59	64,70	63,80	64,05	10159763	11834,28
14.12.2022	64,19	64,65	63,57	63,98	7967101	11740,58
15.12.2022	63,59	63,89	62,49	63,15	7350025	11345,2
16.12.2022	62,75	63,14	62,33	62,76	11865519	11243,7
19.12.2022	62,83	63,41	62,47	62,83	6730898	11085,09
20.12.2022	62,82	63,15	62,75	62,79	5730062	11072,4
21.12.2022	63,07	64,05	63,07	63,80	6537676	11235,9
22.12.2022	63,42	63,59	62,65	63,35	6196065	10956,1
23.12.2022	63,50	63,87	63,20	63,84	4362856	10985,74
27.12.2022	63,93	64,29	63,71	64,21	4898440	10822,65
28.12.2022	64,46	64,65	63,49	63,57	4513962	10679,3
29.12.2022	63,80	64,15	63,70	63,95	5294370	10951
30.12.2022	63,92	63,92	63,17	63,62	4488179	10939,8
03.01.2023	63,56	63,56	62,18	62,94	7917704	10862,6
04.01.2023	63,15	63,33	62,51	62,92	8204299	10916,13
05.01.2023	62,60	62,80	62,08	62,20	5794332	10741,2
06.01.2023	62,91	63,67	62,58	63,41	6661290	11040,4
09.01.2023	63,30	63,72	62,58	62,60	6240156	11108,4
10.01.2023	62,60	62,73	61,92	62,14	6614489	11205,8
11.01.2023	62,38	62,56	61,41	62,01	6660086	11402,48
12.01.2023	62,11	62,18	60,97	61,22	8963719	11459,6
13.01.2023	60,70	61,46	60,59	61,44	9473128	11539,72
17.01.2023	61,73	62,38	61,56	61,68	11151171	11557,2
18.01.2023	61,51	61,59	59,68	59,82	11222568	11410,3
19.01.2023	59,73	60,64	59,71	59,72	10158771	11295,7
20.01.2023	59,72	60,09	59,40	60,06	9000606	11619
23.01.2023	60,28	60,57	60,05	60,23	8560372	11872,18
24.01.2023	60,08	61,85	59,80	60,55	7125245	11848,12
25.01.2023	60,20	60,94	59,89	60,94	7881010	11814,69
26.01.2023	60,81	61,10	60,57	60,85	8688910	12051,54
27.01.2023	60,84	60,96	60,37	60,47	9431769	12166,05
30.01.2023	60,54	61,17	60,46	60,65	10986739	11912,68
31.01.2023	60,98	61,34	60,51	61,34	6818808	12101,9
01.02.2023	61,14	61,58	60,62	61,34	9379160	12363,1
02.02.2023	60,80	61,02	59,91	60,29	11445513	12803,92
03.02.2023	60,35	60,42	59,23	59,81	10545420	12573,11
06.02.2023	59,79	60,34	59,72	60,17	7441527	12464,72
07.02.2023	59,67	60,24	59,54	60,06	10924221	12728,18
08.02.2023	59,92	59,92	59,59	59,71	7217865	12495,83
09.02.2023	60,15	60,32	59,60	59,63	8664196	12381,2
10.02.2023	59,72	59,90	58,88	59,63	10551893	12304,98
13.02.2023	59,90	60,76	59,73	60,61	11947276	12502,32
14.02.2023	60,21	60,90	59,56	59,58	15139064	12589,51
15.02.2023	59,90	59,93	59,23	59,60	9494782	12688,17
16.02.2023	59,23	59,82	58,95	59,23	10197600	12442,5
17.02.2023	59,50	60,23	59,38	60,12	11625389	12358,16
21.02.2023	59,99	60,23	59,72	59,80	9272503	12060,69
22.02.2023	59,85	60,36	59,75	60,00	8203477	12066,3
23.02.2023	60,01	60,42	59,81	60,09	7314528	12180,1
24.02.2023	59,68	59,91	59,39	59,83	5798069	11969,7
27.02.2023	60,18	60,30	59,74	59,82	6249772	12057,8
28.02.2023	59,70	59,70	59,14	59,50	7730930	12042,1
01.03.2023	59,13	59,18	58,37	58,87	9835095	11938,6
02.03.2023	58,84	59,78	58,80	59,74	7226306	12044,9
03.03.2023	59,55	59,68	59,21	59,43	8878165	12290,8
06.03.2023	59,26	60,38	59,22	60,36	10871549	12302,5
07.03.2023	60,49	60,57	59,75	60,01	10182822	12152,2
08.03.2023	60,04	60,33	59,73	60,05	8308853	12215,3
09.03.2023	60,54	60,54	59,28	59,45	7374731	11995,9
10.03.2023	59,70	60,14	58,99	59,21	8759108	11830,3
13.03.2023	59,29	60,87	59,25	59,80	14830243	11923,2
14.03.2023	60,00	60,46	59,35	59,98	11864071	12199,8
15.03.2023	59,43	60,48	59,24	60,46	11781395	12251,3
16.03.2023	60,09	60,34	59,70	60,30	9406672	12581,4
17.03.2023	60,31	60,35	59,64	60,03	12302398	12519,9
20.03.2023	60,16	60,59	59,97	60,58	8431574	12562,61
21.03.2023	60,57	60,75	59,88	60,34	8626840	12741,44
22.03.2023	60,40	60,87	60,03	60,03	7408845	12567,15
23.03.2023	60,09	60,39	59,72	59,91	7768656	12729,23
24.03.2023	60,25	61,02	59,91	60,91	8270858	12767,05
27.03.2023	61,14	61,48	60,95	61,37	6990821	12673,07
28.03.2023	61,39	61,74	61,27	61,43	5576542	12610,57
29.03.2023	61,72	61,95	61,59	61,87	5922764	12846,03
30.03.2023	61,88	62,09	61,66	61,85	5374325	12963,14
31.03.2023	62,06	62,25	61,87	62,02	7280446	13181,35
03.04.2023	62,30	62,52	61,86	62,39	7756041	13148,35
04.04.2023	62,39	62,74	62,08	62,22	6252903	13100,08
05.04.2023	62,53	63,02	62,50	62,80	7880066	12967,2
06.04.2023	62,86	63,04	62,38	62,84	5762684	13062,6
10.04.2023	62,49	62,69	62,02	62,68	5331572	13051,23
11.04.2023	62,65	62,71	62,40	62,58	7032852	12964,15
12.04.2023	62,48	63,03	62,31	62,71	5918575	12848,35
13.04.2023	62,76	63,16	62,48	63,16	5621037	13109,39
14.04.2023	63,05	63,15	62,78	63,05	5293990	13079,52
17.04.2023	63,32	63,53	63,14	63,47	5548690	13087,71
18.04.2023	63,51	63,60	63,19	63,55	5682863	13091,79
19.04.2023	63,73	63,83	63,43	63,67	6778294	13089,06
20.04.2023	63,63	64,00	63,44	63,97	6389687	12985,98
21.04.2023	64,00	64,27	63,80	64,05	8556270	13000,8
24.04.2023	64,75	64,99	63,62	63,96	11410375	12969,76
25.04.2023	64,17	64,17	63,63	63,83	8437063	12725,11
26.04.2023	63,56	63,77	63,39	63,54	7212462	12806,48
27.04.2023	63,53	63,76	63,11	63,68	8931744	13160,03
28.04.2023	63,61	64,16	63,48	64,15	9200923	13246
01.05.2023	64,15	64,69	64,06	64,27	5835034	13231,47
02.05.2023	64,14	64,14	63,27	64,01	7968958	13114,16
03.05.2023	64,02	64,18	63,58	63,65	7551687	13030,66
04.05.2023	63,74	63,93	63,51	63,72	7740594	12982,95
05.05.2023	63,64	64,21	63,63	64,03	6190357	13259,56
08.05.2023	63,81	64,06	63,61	63,92	4974843	13292,07
09.05.2023	63,64	63,75	63,28	63,39	5464296	13201,56
10.05.2023	63,32	63,64	62,99	63,49	6154235	13348,27
11.05.2023	63,58	63,93	63,01	63,85	6184502	13390,27
12.05.2023	63,86	64,19	63,70	64,13	5771390	13340,67
15.05.2023	64,22	64,25	63,71	63,96	5153197	13413,97
16.05.2023	63,90	63,90	63,16	63,23	6125998	13426,47
17.05.2023	63,40	63,42	62,73	63,16	7280160	13589,78
18.05.2023	63,01	63,04	62,57	62,79	9162444	13835,08
19.05.2023	63,04	63,10	62,61	62,82	6442262	13803,98
22.05.2023	62,79	62,87	61,44	61,51	10130762	13850,23
23.05.2023	61,51	61,67	61,17	61,41	9048882	13673,02
24.05.2023	61,38	61,43	60,72	60,88	6544534	13604,96
25.05.2023	60,47	60,73	60,15	60,41	9002264	13939,02
26.05.2023	60,45	60,64	60,11	60,27	7909253	14298,91
30.05.2023	60,09	60,20	59,52	59,78	10437496	14355,49
31.05.2023	59,92	60,28	59,37	59,70	16571409	14254,59
01.06.2023	59,94	60,17	59,77	59,99	8255257	14442,02
02.06.2023	60,27	61,32	60,08	61,17	9381786	14547,15
05.06.2023	61,04	61,44	60,55	60,76	8029844	14557,01
06.06.2023	60,95	60,99	60,12	60,31	7408646	14558,61
07.06.2023	60,01	60,36	59,82	60,22	8882089	14303,79
08.06.2023	60,13	60,41	59,98	60,36	8135982	14485,05
09.06.2023	60,27	60,67	60,17	60,47	7685242	14528,87
12.06.2023	60,59	60,65	60,02	60,22	9019826	14784,82
13.06.2023	60,21	60,67	60,04	60,44	7516422	14901,37
14.06.2023	60,73	61,08	60,60	60,86	8815038	15006,23
15.06.2023	60,61	61,30	60,34	61,24	8985706	15186,01
16.06.2023	61,60	62,17	61,48	61,68	14711708	15084,43
20.06.2023	61,59	61,96	61,24	61,26	9128352	15070,68
21.06.2023	61,31	61,72	60,98	61,43	6602986	14867,97
22.06.2023	61,81	62,10	61,59	61,86	8147592	15042,26
23.06.2023	61,94	61,97	61,18	61,21	8660765	14892
26.06.2023	61,21	61,29	60,39	61,23	8647416	14689,54
27.06.2023	61,22	61,36	60,98	61,07	5969282	14945,94
28.06.2023	60,88	61,04	60,40	60,53	6723892	14965,1
29.06.2023	60,22	60,35	59,77	60,04	12935777	14940,47
30.06.2023	60,00	60,35	59,87	60,22	12762949	15179,74
03.07.2023	60,20	60,63	60,03	60,58	8280275	15209,23
05.07.2023	60,28	61,10	60,16	61,03	9197405	15204,31
06.07.2023	60,73	61,02	60,50	60,56	7436113	15089,98
07.07.2023	60,31	60,50	59,73	59,77	7858792	15037,96
10.07.2023	59,97	60,15	59,14	59,32	8674001	15046,17
11.07.2023	59,46	59,56	58,84	59,51	9046041	15119,59
12.07.2023	59,75	60,05	59,45	59,86	9368767	15307,74
13.07.2023	60,12	60,46	59,98	60,35	7785885	15572,52
14.07.2023	60,14	61,04	60,09	60,92	7477570	15566,14
17.07.2023	60,76	61,10	60,49	60,81	7015427	15713,83
18.07.2023	60,96	61,25	60,41	60,58	6678318	15841,91
19.07.2023	60,77	61,79	60,68	61,63	8537178	15826,91
20.07.2023	61,68	62,41	61,67	62,39	8039576	15466,63
21.07.2023	62,46	62,68	62,24	62,44	8198934	15426,24
24.07.2023	62,42	62,81	62,40	62,45	6109120	15448,54
25.07.2023	62,30	62,39	62,05	62,26	9046215	15561,96
26.07.2023	61,86	63,17	61,39	63,08	11160115	15499,81
27.07.2023	63,05	63,27	62,38	62,45	7394250	15465,81
28.07.2023	62,59	62,77	62,22	62,49	5339880	15751,48
31.07.2023	62,45	62,45	61,73	61,95	8197434	15757,55
01.08.2023	62,09	62,36	61,62	61,78	5845235	15718,55
02.08.2023	61,56	62,59	61,56	61,96	7568479	15371,28
03.08.2023	61,87	62,12	61,53	61,64	4543309	15354,08
04.08.2023	61,68	61,89	60,62	60,72	6026899	15275,45
07.08.2023	60,79	61,33	60,74	61,20	4559972	15408,39
08.08.2023	61,19	61,35	60,62	60,93	4868317	15273,09
09.08.2023	60,91	61,63	60,75	61,06	4895581	15102,23
10.08.2023	61,35	61,73	60,79	60,92	5239401	15129,37
11.08.2023	60,84	61,20	60,69	61,19	4014813	15028,6
14.08.2023	61,32	61,48	60,75	60,88	4805307	15206,12
15.08.2023	60,69	60,90	60,37	60,47	4564554	15038,17
16.08.2023	60,54	60,82	60,40	60,48	5247751	14876,99
17.08.2023	60,58	61,02	60,45	60,61	8396394	14716,33
18.08.2023	60,54	61,09	60,37	60,98	6524003	14695,35
21.08.2023	60,86	60,93	60,32	60,43	5524911	14937,21
22.08.2023	60,34	60,58	59,98	60,06	6025146	14909,48
23.08.2023	60,20	60,44	60,16	60,28	4659791	15148,59
24.08.2023	60,27	60,88	60,09	60,10	5795724	14815,5
25.08.2023	60,41	60,57	60,01	60,40	4684188	14942,35
28.08.2023	60,55	60,73	60,37	60,57	4169389	15052,99
29.08.2023	60,56	60,63	60,15	60,50	5153672	15377,04
30.08.2023	60,64	60,74	60,29	60,47	5280831	15462,97
31.08.2023	60,30	60,47	59,81	59,82	7624000	15501,62
01.09.2023	60,00	60,13	59,12	59,30	7223868	15491,41
05.09.2023	59,25	59,32	58,67	58,82	8023805	15508,78
06.09.2023	58,62	58,83	58,42	58,77	9683525	15371,98
07.09.2023	58,95	59,16	58,30	58,34	9706360	15259,06
08.09.2023	58,30	58,41	58,01	58,33	8903924	15280,77
11.09.2023	58,40	58,99	58,23	58,88	8390806	15462,41
12.09.2023	58,99	59,00	58,19	58,29	7768811	15290,27
13.09.2023	58,40	58,68	58,34	58,44	7388184	15349,06
14.09.2023	58,24	58,59	58,19	58,46	7545943	15473,8
15.09.2023	58,41	58,64	57,75	57,94	14686447	15202,93
18.09.2023	57,98	58,35	57,63	58,30	7636448	15225,9
19.09.2023	58,26	58,39	57,92	58,18	6897560	15191,77
20.09.2023	58,30	58,83	58,08	58,44	10393130	14970,45
21.09.2023	58,37	58,42	57,42	57,55	10919870	14694,76
22.09.2023	57,85	57,97	57,50	57,59	8934705	14701,61
25.09.2023	57,40	57,49	56,74	57,00	7446661	14770,57
26.09.2023	56,73	56,90	56,40	56,52	6782700	14546,34
27.09.2023	56,42	56,53	55,68	55,95	9171552	14583,03
28.09.2023	56,23	56,32	55,70	55,81	8288290	14703,31
29.09.2023	56,14	56,27	55,62	56,00	7408981	14715,76
02.10.2023	55,91	56,01	55,08	55,48	8174404	14838,09
03.10.2023	55,16	55,43	54,78	54,89	9329157	14566,11
04.10.2023	54,89	55,28	54,71	55,03	7594225	14776,82
05.10.2023	54,74	54,95	52,24	52,38	21976621	14724,52
06.10.2023	52,04	53,29	51,55	53,15	22745946	14973,77
09.10.2023	52,96	53,15	52,11	52,88	11192458	15047,73
10.10.2023	54,13	54,33	53,56	54,05	14457988	15132,05
11.10.2023	54,22	54,28	53,02	53,72	13213535	15241,65
12.10.2023	53,76	53,83	52,43	52,81	13507879	15184,63
13.10.2023	52,74	53,42	52,64	52,90	10143865	14995,62
16.10.2023	53,02	53,56	52,84	53,44	9426561	15173,26
17.10.2023	53,31	54,10	53,21	54,07	11916011	15122,54
18.10.2023	54,10	54,53	53,92	54,06	9279676	14909,78
19.10.2023	54,16	54,76	53,86	54,32	10174525	14782,46
20.10.2023	54,53	55,02	54,44	54,56	10033266	14561,39
23.10.2023	54,38	54,89	54,05	54,05	15153512	14605,36
24.10.2023	55,65	56,17	55,30	55,64	15831836	14746,37
25.10.2023	55,76	56,22	55,56	56,13	11899227	14382,14
26.10.2023	56,37	56,63	55,72	55,79	11753537	14110,09
27.10.2023	55,55	56,14	55,10	55,24	9225517	14180,92
30.10.2023	55,43	56,28	55,42	56,16	10905813	14336,01
31.10.2023	56,57	56,72	56,15	56,49	9759199	14410,29
01.11.2023	56,80	56,88	56,26	56,44	9735061	14665,42
02.11.2023	56,50	57,15	56,36	57,09	8365615	14920,02
03.11.2023	57,40	57,59	56,70	56,74	10266742	15100,02
06.11.2023	56,78	57,28	56,74	56,98	8140575	15155,46
07.11.2023	56,92	57,40	56,73	57,19	7298337	15296,55
08.11.2023	57,32	57,47	56,92	57,09	7082093	15313,78
09.11.2023	57,03	57,14	56,37	56,67	8207327	15188,43
10.11.2023	56,87	56,93	56,06	56,72	8050992	15528,93
13.11.2023	56,62	57,10	56,60	56,93	6793566	15483,33
14.11.2023	57,02	57,24	56,81	57,09	7686916	15813,03
15.11.2023	57,30	57,34	56,75	57,22	6544616	15817,73
16.11.2023	57,25	57,53	56,81	57,13	11934720	15833,73
17.11.2023	57,19	57,34	56,70	57,27	9410175	15838,55
20.11.2023	57,05	57,58	56,96	57,41	7198798	16027,62
21.11.2023	57,46	58,04	57,33	58,03	9441680	15934,18
22.11.2023	58,26	58,54	58,13	58,40	7694390	16001,95
24.11.2023	58,46	58,75	58,34	58,57	3947806	15982,57
27.11.2023	58,54	58,69	58,27	58,46	6652812	15962,56
28.11.2023	58,40	58,83	58,36	58,58	7778229	16010,99
29.11.2023	58,58	58,67	58,10	58,24	7545551	15988,16
30.11.2023	57,96	58,46	57,60	58,40	9538487	15949,38
01.12.2023	58,27	58,69	58,24	58,64	8320531	15997,55
04.12.2023	58,59	58,96	58,44	58,57	8514301	15840,22
05.12.2023	58,55	58,83	58,42	58,68	6338907	15880,15
06.12.2023	58,56	58,73	58,21	58,62	6643764	15788,6
07.12.2023	58,67	58,89	58,39	58,74	6504318	16023,05
08.12.2023	58,74	58,75	58,37	58,60	6509263	16085,25
11.12.2023	58,83	59,09	58,50	59,04	7535549	16222,3
12.12.2023	59,20	59,42	58,90	59,41	7962301	16354,82
13.12.2023	59,45	60,02	59,26	59,96	9431912	16562,95
14.12.2023	59,97	60,04	58,77	59,05	15874854	16538,4
15.12.2023	58,83	59,17	57,80	58,52	22270712	16624,03
18.12.2023	58,80	59,49	58,62	59,02	11220337	16730,39
19.12.2023	59,00	59,20	58,64	58,83	8870405	16812,44
20.12.2023	58,50	58,67	57,57	57,61	10727689	16554,78
21.12.2023	57,85	58,07	57,47	57,98	7831542	16757,99
22.12.2023	58,12	58,46	58,02	58,33	6159659	16777,99
26.12.2023	58,06	58,71	58,06	58,56	4180301	16879,05
27.12.2023	58,64	58,77	58,40	58,72	5236716	16907,39
28.12.2023	58,65	58,87	58,53	58,77	5907034	16899,06
29.12.2023	58,74	58,98	58,63	58,91	5572041	16826,52
02.01.2024	58,80	59,88	58,67	59,84	9427495	16544,52
03.01.2024	59,93	60,20	59,76	59,96	8687180	16369,06
04.01.2024	60,05	60,26	59,66	59,77	7363375	16282,58
05.01.2024	59,80	59,95	59,09	59,66	7144462	16306,55
08.01.2024	59,68	60,18	59,42	60,13	6092981	16650,46
09.01.2024	59,99	60,14	59,62	59,99	6295761	16679,29
10.01.2024	60,22	60,41	59,98	60,19	7849362	16793,63
11.01.2024	60,25	60,26	59,69	59,82	7932863	16821,49
12.01.2024	60,08	60,46	59,87	60,40	8174785	16833,51
16.01.2024	60,39	60,43	59,85	60,00	7930298	16831,3
17.01.2024	59,86	60,21	59,82	59,99	5576916	16736,87
18.01.2024	59,69	60,23	59,53	60,16	6066674	16982,88
19.01.2024	60,26	60,28	59,64	59,85	8254220	17314,61
22.01.2024	59,76	60,07	59,44	59,58	7656085	17330,99
23.01.2024	59,53	60,00	59,46	59,84	8815051	17404,81
24.01.2024	59,80	59,81	58,89	58,91	10448284	17499,86
25.01.2024	59,01	59,17	58,66	59,17	9024076	17517,6
26.01.2024	59,25	59,49	59,13	59,36	8899603	17421,61
29.01.2024	59,34	59,79	59,17	59,75	10155566	17596,89
30.01.2024	59,85	60,02	59,45	59,90	13204391	17477,32
31.01.2024	60,10	60,45	59,29	59,48	14812463	17137,8
01.02.2024	59,57	61,01	59,36	60,99	10635700	17345,32
02.02.2024	60,82	60,87	60,23	60,53	9962896	17643,35
05.02.2024	60,38	60,38	59,88	60,03	7442697	17613,62
06.02.2024	59,96	60,05	59,68	59,93	8295686	17575,01
07.02.2024	60,07	60,21	59,94	60,00	6382864	17755,69
08.02.2024	59,89	59,97	59,41	59,84	8400230	17783,79
09.02.2024	59,47	59,58	59,03	59,57	9665093	17963,03
12.02.2024	59,66	59,76	58,96	59,70	9389971	17883,29
13.02.2024	59,50	60,66	58,79	59,36	17714993	17601,04
14.02.2024	59,17	59,59	59,04	59,29	11147607	17808,25
15.02.2024	59,42	59,59	59,13	59,39	9395937	17846,35
16.02.2024	59,35	59,62	58,96	59,39	8225747	17686,6
20.02.2024	59,60	60,84	59,51	60,73	12282791	17546,71
21.02.2024	60,99	61,28	60,83	61,24	10221281	17479,52
22.02.2024	60,99	61,25	60,50	61,15	7305189	18005,33
23.02.2024	61,09	61,62	61,00	61,18	7144274	17938,24
26.02.2024	61,24	61,27	60,66	60,71	6178121	17933,93
27.02.2024	60,54	60,78	60,12	60,32	6343397	17971,63
28.02.2024	60,37	60,49	60,06	60,42	5214707	17875,13
29.02.2024	60,35	60,64	59,90	59,95	8024472	18044,43
01.03.2024	59,90	59,90	59,34	59,53	7179655	18303,55
04.03.2024	59,23	59,95	59,22	59,81	6887003	18227,12
05.03.2024	59,91	60,11	59,42	59,52	7365322	17898,49
06.03.2024	59,52	60,00	59,38	59,55	7167955	18018,21
07.03.2024	59,69	59,77	59,24	59,44	7056836	18298,63
08.03.2024	59,30	59,79	58,97	59,53	7594809	18019,08
11.03.2024	59,78	60,29	59,58	60,23	8346501	17952,32
12.03.2024	60,32	60,75	60,21	60,50	8380774	18219,75
13.03.2024	60,88	61,21	60,80	61,13	8956169	18069,1
14.03.2024	60,58	60,80	60,40	60,54	8423836	18015,44
15.03.2024	60,02	60,45	59,64	59,88	13447959	17808,87
18.03.2024	59,89	60,40	59,80	60,14	7966149	17985,64
19.03.2024	60,24	60,35	60,06	60,23	7993243	18032,84
20.03.2024	60,18	60,81	60,16	60,75	6619778	18240,75
21.03.2024	60,56	60,99	60,32	60,46	7021451	18321,02
22.03.2024	60,52	60,79	60,43	60,48	5213615	18340,08
25.03.2024	60,48	60,71	60,12	60,41	7447037	18277,7
26.03.2024	60,50	60,71	60,38	60,57	5880606	18211,17
27.03.2024	60,79	61,43	60,70	61,04	6657553	18281,48
28.03.2024	61,14	61,26	61,00	61,16	7153116	18255,33
01.04.2024	61,18	61,30	60,63	60,64	7386768	18290,65
02.04.2024	60,45	60,73	60,11	60,17	8001235	18122,43
03.04.2024	60,05	60,39	59,78	59,84	8950520	18160,83
04.04.2024	60,09	60,15	59,17	59,28	8545489	17879,41
05.04.2024	59,25	59,68	58,91	59,52	6839330	18109,09
08.04.2024	59,40	59,47	59,07	59,28	6271161	18100,83
09.04.2024	59,48	59,74	59,13	59,71	6703814	18170,54
10.04.2024	59,32	59,39	58,69	58,91	8293482	18012,29
11.04.2024	59,15	59,37	58,79	59,05	6123925	18308,62
12.04.2024	58,95	59,01	58,13	58,27	7733973	18004,12
15.04.2024	58,61	58,81	58,04	58,14	7483106	17707,45
16.04.2024	58,25	58,38	57,93	58,05	7402857	17714,28
17.04.2024	58,28	58,56	58,10	58,50	9814272	17494,23
18.04.2024	58,62	58,98	58,54	58,89	7853600	17394,92
19.04.2024	59,10	60,36	59,00	60,17	13747419	17038,03
22.04.2024	60,14	60,63	59,72	60,56	9189323	17211,49
23.04.2024	60,53	60,68	60,13	60,64	9674940	17471,38
24.04.2024	60,32	61,65	59,84	61,56	14658109	
25.04.2024	61,87	62,59	61,37	61,75	13774890	17431,72
26.04.2024	61,55	61,93	61,35	61,73	6720208	17719,53
29.04.2024	61,92	62,05	61,53	62,05	8509223	17783,95
30.04.2024	62,14	62,83	61,47	61,76	11906706	17441,91
01.05.2024	61,80	62,57	61,21	61,92	10978222	17319,76
02.05.2024	62,18	62,40	61,72	62,00	7284783	17542,76
03.05.2024	61,99	62,33	61,64	62,18	6936099	17892,04
06.05.2024	62,30	62,38	61,90	62,36	5383806	18094,83
07.05.2024	62,76	62,82	62,25	62,62	5827188	18092,71
08.05.2024	62,85	62,97	62,48	62,86	6272860	18086,27
09.05.2024	62,81	63,15	62,75	62,90	5420004	18114,73
10.05.2024	62,92	63,36	62,79	63,26	4965921	18162,45
13.05.2024	63,24	63,62	63,18	63,58	6763817	18200,99
14.05.2024	63,58	63,76	62,80	63,09	7167186	18322,18
15.05.2024	63,06	63,39	63,00	63,15	5700958	18597,95
16.05.2024	63,24	63,73	63,07	63,33	5415500	18559,26
17.05.2024	63,34	63,37	62,94	63,04	6347609	18547,52
20.05.2024	62,93	63,01	62,46	62,58	5588633	18678,2
21.05.2024	62,82	62,98	62,44	62,93	4809110	18715,1
22.05.2024	62,71	63,02	62,66	62,99	4352683	18706,51
23.05.2024	62,49	62,88	62,05	62,09	6061377	18624,69
24.05.2024	62,22	62,42	61,97	62,01	4410214	18809,66
28.05.2024	61,79	62,13	61,40	61,83	7458514	18870,76
29.05.2024	61,47	61,88	61,07	61,71	7192824	18738,06
30.05.2024	61,85	62,08	61,60	61,95	5290293	18539,95
31.05.2024	61,99	63,03	61,69	62,96	7376780	18537,94
03.06.2024	62,71	63,09	62,45	62,92	5706227	18602,27
04.06.2024	63,20	63,97	62,94	63,94	6905605	18656,14
05.06.2024	63,99	64,07	63,35	63,93	5583070	19036,38
06.06.2024	63,92	64,36	63,84	64,15	4994216	19022,52
07.06.2024	64,09	64,23	63,81	63,94	5296244	19002,28
10.06.2024	63,94	63,99	63,37	63,63	6586055	19076
11.06.2024	63,59	63,65	63,07	63,56	4753767	19211,52
12.06.2024	63,69	63,69	62,69	62,86	5651591	19466,54
13.06.2024	62,86	63,04	62,45	62,97	5903885	19572,64
14.06.2024	62,38	62,69	62,09	62,57	4697968	19661,17
17.06.2024	62,37	62,90	62,18	62,62	5949260	19907,74
18.06.2024	62,53	62,82	62,44	62,63	5174780	19910,25
20.06.2024	62,40	62,74	61,95	62,18	7601715	19753,67
21.06.2024	62,18	63,10	62,18	62,78	10146553	19701,8
24.06.2024	62,99	64,06	62,91	63,96	6940063	19475,98
25.06.2024	63,94	64,07	63,51	63,82	4934560	19702,5
26.06.2024	63,40	64,11	63,23	64,04	5406012	19752,42
27.06.2024	64,05	64,27	63,62	63,93	4923328	19790,41
28.06.2024	63,90	64,06	63,52	63,65	5390386	19684,24
01.07.2024	64,03	64,30	63,12	63,27	6401258	19813,6
02.07.2024	63,26	63,38	62,86	63,14	4859260	20013,29
03.07.2024	63,19	63,67	62,93	63,33	8056747	20188,04
05.07.2024	63,33	63,79	63,00	63,75	5444906	20393,39
08.07.2024	63,59	63,59	62,84	62,98	7112998	20440,97
09.07.2024	63,06	63,23	62,59	62,69	7696272	20454,46
10.07.2024	62,72	62,86	62,29	62,82	7834348	20676,83
11.07.2024	62,64	63,46	62,40	63,10	6465854	20212,77
12.07.2024	63,46	64,12	63,39	63,74	5376096	20332,92
15.07.2024	63,79	63,94	63,35	63,43	4709644	20388,3
16.07.2024	63,43	64,31	63,39	64,30	4952330	20400,05
17.07.2024	64,47	65,39	64,41	65,21	8003105	19800,53
18.07.2024	64,80	65,81	64,72	65,18	6717345	19706,47
19.07.2024	65,64	65,64	64,82	65,30	8608480	
22.07.2024	65,25	65,29	64,32	64,78	7982655	
23.07.2024	65,43	66,04	64,85	64,95	7818888	
24.07.2024	65,09	65,97	64,84	65,81	8635070	
25.07.2024	66,04	66,89	65,86	66,07	11612553	
26.07.2024	66,07	67,11	66,01	67,05	9529716	
29.07.2024	66,88	67,03	66,39	66,84	7750846	19060,82
30.07.2024	66,48	67,83	66,36	67,68	8563549	18797,59
31.07.2024	67,50	67,61	66,61	66,72	7772755	19363,78
01.08.2024	67,00	68,11	66,70	67,95	9929421	18891,71
02.08.2024	68,53	69,67	67,69	69,31	15203426	18442,14
05.08.2024	68,99	69,55	67,73	68,11	16846187	17896,41
06.08.2024	68,15	68,84	67,77	68,04	7574674	18079,18
07.08.2024	68,05	69,18	67,83	68,49	8694521	17868,62
08.08.2024	68,00	68,87	67,85	68,73	7147685	18415,11
09.08.2024	68,70	68,79	68,25	68,68	5238476	18514,4
12.08.2024	68,45	68,54	67,83	68,19	5717095	18543,32
13.08.2024	68,08	68,61	68,01	68,47	5742548	19009,12
14.08.2024	68,23	68,89	68,13	68,58	9201628	19024,01
15.08.2024	68,62	68,92	68,50	68,67	5774519	19491,51
16.08.2024	68,84	69,30	68,64	69,18	7422529	19509,89
19.08.2024	69,35	69,42	68,85	68,97	6284030	19767,87
20.08.2024	68,99	69,39	68,77	69,37	5989394	19721,2
21.08.2024	69,48	70,13	69,34	69,55	5241211	19826,23
22.08.2024	69,92	69,92	68,79	69,34	6701016	19493,2
23.08.2024	69,40	69,85	68,94	69,77	6481671	19722,25
26.08.2024	69,83	70,92	69,73	70,85	8595271	19517,12
27.08.2024	71,32	71,53	71,05	71,49	10407697	19582,21
28.08.2024	71,61	71,81	71,30	71,79	8550595	19351,46
29.08.2024	71,90	72,22	71,23	72,06	12634738	19326,13
30.08.2024	72,20	72,57	71,78	72,47	8462030	19575,33
03.09.2024	72,44	73,29	72,25	73,02	8758023	18959,39
04.09.2024	73,30	73,53	71,91	72,53	10741111	18922,06
05.09.2024	72,62	72,68	70,98	71,17	13065441	18930,99
06.09.2024	70,99	71,67	70,89	71,17	8150796	18421,95
09.09.2024	71,23	72,31	70,98	71,87	6283193	18661,43
10.09.2024	71,97	72,42	71,52	71,55	5639178	18830,46
11.09.2024	71,36	71,37	70,57	71,05	7012276	19238,67
12.09.2024	71,00	71,38	70,66	71,25	6357792	19424,43
13.09.2024	70,84	71,47	70,48	71,42	6644895	19515,94
16.09.2024	71,77	72,24	71,62	72,11	5865540	19424,42
17.09.2024	71,90	72,35	71,73	71,81	4876192	19433,78
18.09.2024	71,89	72,38	71,27	71,77	5865383	19345,85
19.09.2024	71,56	71,94	70,60	70,63	8429842	19841,21
20.09.2024	70,41	71,80	70,38	71,63	12348198	19792,87
23.09.2024	71,55	72,20	71,18	71,70	5901325	19853,59
24.09.2024	71,22	71,82	70,60	71,33	7310441	19946,24
25.09.2024	71,71	71,92	71,31	71,45	4484108	19974,01
26.09.2024	70,86	71,61	70,84	71,38	6228625	20116,94
27.09.2024	71,54	72,20	71,46	71,78	6028190	20010,02
30.09.2024	72,00	72,20	71,69	71,85	5563890	20062,09
01.10.2024	72,10	72,75	71,63	71,73	7405545	19774,69
02.10.2024	71,39	71,43	70,41	71,00	6348651	19803,96
03.10.2024	70,86	70,99	70,20	70,50	5255404	19794,72
04.10.2024	69,96	70,28	69,72	70,14	7909196	20036,42
07.10.2024	70,05	70,10	68,87	69,01	8068483	19802,12
08.10.2024	69,04	69,44	68,86	69,15	8037250	20109,18
09.10.2024	69,19	69,74	69,07	69,56	4524992	20270,28
10.10.2024	69,83	69,91	68,99	69,25	4777218	20243,18
11.10.2024	69,46	69,59	69,00	69,56	4339424	20273,39
14.10.2024	69,57	70,47	69,47	70,35	3905440	20440,49
15.10.2024	70,46	71,21	70,16	70,36	5726578	20161,25
16.10.2024	70,09	70,70	69,97	70,52	4570620	20175,47
17.10.2024	70,63	70,69	69,58	69,89	5774740	20191,84
18.10.2024	69,87	70,55	69,61	70,43	5360824	20325,46
21.10.2024	70,00	70,33	69,31	69,45	7648244	20362,89
22.10.2024	69,00	69,75	68,68	69,44	11621297	20385,07
23.10.2024	66,99	68,70	66,58	68,02	15031656	20068,36
24.10.2024	67,65	68,04	66,95	67,29	10397878	20234,29
25.10.2024	67,07	67,70	66,79	66,92	6321718	20353,44
28.10.2024	66,96	67,40	66,60	66,68	6000122	20352,49
29.10.2024	66,29	66,34	65,52	65,59	10288368	20552,09
30.10.2024	65,51	66,54	65,32	65,93	8691009	20389,11
31.10.2024	65,81	65,99	65,26	65,31	6472177	19891,82
01.11.2024	65,47	65,66	64,89	64,99	6246995	20034,54
04.11.2024	65,08	65,42	64,65	65,11	7020954	19965
05.11.2024	64,64	65,47	64,64	65,41	4876385	20228,88
06.11.2024	64,42	64,86	63,18	63,68	14770856	20782,79
07.11.2024	64,29	64,39	63,60	63,67	8054871	21103,05
08.11.2024	63,91	64,24	63,74	63,94	7533387	21118,66
11.11.2024	63,99	64,12	63,25	63,37	8645525	21108,07
12.11.2024	63,68	63,75	63,12	63,21	8377536	21072,27
13.11.2024	63,05	63,26	62,49	63,02	7074260	21037,64
14.11.2024	63,11	63,11	62,43	62,54	10714530	20898,13
15.11.2024	62,49	62,63	61,39	61,72	16826739	20395,55
18.11.2024	61,85	62,14	61,56	61,86	8044953	20540,63
19.11.2024	61,90	62,62	61,63	62,58	9056240	20686,03
20.11.2024	62,70	63,01	62,02	63,01	8906710	20668,52
21.11.2024	63,15	63,81	62,95	63,75	10290588	20742,24
22.11.2024	64,24	64,48	63,65	63,92	11010150	20777,69
25.11.2024	64,32	64,71	63,84	64,35	8645069	20806,35
26.11.2024	64,31	64,64	64,06	64,56	7491204	20924,33
27.11.2024	64,96	65,10	64,25	64,45	7681899	20745,95
29.11.2024	64,02	64,25	63,77	64,08	7640333	20931,83
02.12.2024	64,05	64,19	63,35	63,67	7538235	21166,04
03.12.2024	63,72	64,08	63,03	63,53	9964930	21230,8
04.12.2024	63,28	63,35	61,90	62,21	15940325	21493,86
05.12.2024	62,47	63,12	62,10	62,94	14145921	21426,72
06.12.2024	62,83	63,36	62,51	62,51	9095413	21623,77
09.12.2024	62,69	62,93	61,90	62,63	14156655	21442,32
10.12.2024	62,70	63,04	61,79	62,93	8880281	21369,68
11.12.2024	63,00	63,63	62,40	62,62	12415183	21765,5
12.12.2024	63,55	63,92	63,22	63,85	9680400	21616,79
13.12.2024	63,57	63,84	63,11	63,13	6955199	21781,77
16.12.2024	63,23	63,86	62,35	62,58	13289897	22098,2
17.12.2024	62,45	63,55	62,32	63,43	11647295	22002,62
18.12.2024	62,81	63,64	62,79	62,83	10999691	21210,79
19.12.2024	62,70	63,17	62,40	62,43	10244755	21111,99
20.12.2024	62,47	63,06	62,28	62,60	12081038	21290,65
23.12.2024	62,50	62,76	61,53	62,37	7289200	21504,67
24.12.2024	62,20	62,84	62,01	62,84	4178422	21799,17
26.12.2024	62,62	62,74	62,40	62,57	4293516	21769,83
27.12.2024	62,45	62,95	62,21	62,46	4659720	21474,51
30.12.2024	62,34	62,34	61,68	62,03	5469714	21198,57
31.12.2024	62,02	62,43	61,80	62,28	4791985	21013,65
02.01.2025	62,35	62,75	61,62	61,88	5392484	20977,08
03.01.2025	61,90	62,08	61,62	61,74	4897764	21327,66
06.01.2025	61,50	61,57	60,66	60,82	11351547	21561,05
07.01.2025	61,11	61,72	60,62	60,84	11472538	21174,52
08.01.2025	60,99	61,77	60,93	61,68	7445808	21182,44
10.01.2025	61,58	61,65	60,73	61,06	11118565	20849,04
13.01.2025	61,13	61,85	60,71	61,63	10335272	20786,18
14.01.2025	61,66	62,07	61,30	62,02	9845431	20758,87
15.01.2025	62,33	62,62	61,68	61,77	9441143	21239,33
16.01.2025	61,42	62,30	61,32	62,27	8080596	21092,73
17.01.2025	62,31	62,77	62,17	62,70	10609144	21442,65
21.01.2025	62,90	63,23	62,30	62,44	11582594	21568,01
22.01.2025	62,12	62,29	61,66	61,77	9416259	21854,76
23.01.2025	61,80	61,98	61,37	61,54	10515307	21902,47
24.01.2025	61,72	62,01	61,44	61,91	13185908	21775,53
27.01.2025	62,87	64,18	62,47	63,88	13983918	21128,76
28.01.2025	63,51	64,04	62,28	62,34	8949578	21464,54
29.01.2025	62,56	63,36	62,55	62,83	7643357	21412,96
30.01.2025	63,85	64,29	63,23	64,02	8227520	21509,62
31.01.2025	63,70	63,93	63,39	63,46	6903240	21479,55
03.02.2025	63,18	63,63	62,43	63,37	7622552	21299,08
04.02.2025	63,61	63,63	62,35	62,67	10493078	21568,42
05.02.2025	62,72	63,29	62,59	63,12	6804458	21659,68
06.02.2025	63,62	63,74	62,91	63,36	6603025	21775,59
07.02.2025	63,43	63,92	63,27	63,85	7953074	21492,81
10.02.2025	64,10	64,65	63,66	64,53	9975350	21758,25
11.02.2025	67,50	67,67	66,41	67,61	21380376	21695,04
12.02.2025	66,87	68,82	66,87	68,70	17018034	21720,78
13.02.2025	69,00	69,61	68,76	69,49	15554694	22032,25
14.02.2025	69,37	70,03	68,76	68,86	14458316	22116,23
18.02.2025	68,55	69,37	68,42	69,04	10299118	22166,17
19.02.2025	69,21	70,13	69,17	70,08	10868757	22177,18
20.02.2025	69,71	70,07	69,42	70,06	6250724	22069,6
21.02.2025	70,32	71,60	70,13	71,39	12984625	21615,6
24.02.2025	70,84	71,73	70,33	70,61	13562138	21353,58
25.02.2025	70,86	71,77	70,73	71,48	14014807	21088,73
26.02.2025	71,27	71,28	70,53	70,84	9047403	21134,4
27.02.2025	70,72	71,54	70,42	70,88	9696358	20552,39
28.02.2025	71,45	71,57	70,56	71,20	10046009	20876,68
03.03.2025	70,24	72,36	69,73	72,32	12971248	20427
04.03.2025	72,07	72,65	69,88	70,20	16489713	20353,95
05.03.2025	69,90	70,74	69,84	70,07	10172438	20629,9
06.03.2025	70,41	70,53	69,45	70,43	9957265	20054,03
07.03.2025	69,65	71,82	69,65	71,43	14211665	20202,79
10.03.2025	71,96	73,22	71,32	71,48	17391949	19432,31
11.03.2025	71,88	72,04	70,61	71,12	13975547	19377,28
12.03.2025	70,37	70,73	69,74	69,91	12824659	19597,4
13.03.2025	70,25	70,25	69,28	69,65	9576921	19226,82
14.03.2025	68,51	69,26	68,38	69,15	9039284	19701,06
17.03.2025	69,24	70,17	69,08	70,12	8787566	19815,94
18.03.2025	70,11	70,19	69,30	69,40	7703244	19487,36
19.03.2025	68,55	69,38	68,54	69,31	7826827	19737,42
20.03.2025	69,31	69,81	69,09	69,69	8154260	19678,3
21.03.2025	69,71	69,97	68,18	68,64	13792027	19754,66
24.03.2025	68,80	69,08	68,33	68,92	6775840	20181,15
25.03.2025	68,95	69,08	68,60	68,82	6337169	20288,54
26.03.2025	68,92	70,35	68,90	70,03	8272297	19917,69
27.03.2025	70,18	70,99	70,07	70,74	7432644	19799,31
28.03.2025	70,81	71,32	69,53	70,37	12030110	19282,1
31.03.2025	70,73	71,94	70,49	71,63	12432924	19268,49
01.04.2025	71,68	71,91	71,19	71,86	8649319	19437,1
02.04.2025	71,96	72,36	71,05	71,33	8337303	19582,47
03.04.2025	72,48	73,95	72,32	73,09	14915906	18522,13
04.04.2025	72,42	73,01	70,67	70,71	8601278	17394,55
07.04.2025	66,23	69,38	66,05	68,35	20044290	17446,53
08.04.2025	68,96	69,98	67,76	68,43	14360675	17112,18
09.04.2025	67,92	70,47	67,28	69,90	18640013	19145,73
10.04.2025	70,19	71,21	68,98	70,77	13598476	18344,21
11.04.2025	70,91	71,85	70,54	71,37	12220123	18690,7
14.04.2025	71,30	72,66	70,93	72,48	8380405	18796,68
15.04.2025	72,62	72,63	71,73	71,87	9864938	18830,89
16.04.2025	72,36	72,67	71,39	71,68	9402699	18258,28
17.04.2025	71,90	73,43	71,72	72,98	13311446	18258,73
21.04.2025	73,38	73,47	71,82	72,75	10312753	17808,9
22.04.2025	73,00	74,38	72,92	73,89	10041562	18277,05
23.04.2025	73,29	73,95	72,38	73,26	10358418	18693,91
24.04.2025	73,02	73,43	72,30	72,49	11869313	19215,1
25.04.2025	72,65	72,92	71,13	71,92	11089564	19433,24
28.04.2025	72,08	72,26	71,31	71,79	11448411	19427,97
29.04.2025	71,19	72,71	70,28	72,35	11764985	19545,63
30.04.2025	73,35	73,48	71,69	72,55	15463460	19555,05
01.05.2025	72,00	72,04	71,23	71,29	13936911	19787,4
02.05.2025	71,50	71,82	71,10	71,65	8647094	20103,31
05.05.2025	71,67	71,80	71,01	71,70	8976582	19968,64
06.05.2025	71,68	71,90	71,16	71,72	10073256	19792,03
07.05.2025	71,72	72,69	71,67	72,40	11219418	19868,67
08.05.2025	72,20	72,47	71,13	71,17	10933300	20064,27
09.05.2025	70,99	71,15	70,46	70,52	8378240	20062,15
12.05.2025	70,15	70,33	68,70	69,53	17239053	20868,88
13.05.2025	69,59	69,69	68,87	68,96	10889994	21198,4
14.05.2025	68,88	69,34	68,58	69,16	12778998	21319,96
15.05.2025	69,70	71,73	69,60	71,61	16236654	21336,57
16.05.2025	71,86	72,26	71,43	72,00	13382777	21428,69
19.05.2025	72,03	72,17	71,64	71,93	9305934	21447,8
20.05.2025	71,80	72,13	71,43	71,69	8983977	21368,12
21.05.2025	71,69	72,08	71,59	71,85	9981177	21081,1
22.05.2025	71,84	71,99	70,96	71,14	8802540	21113,21
23.05.2025	71,54	71,98	70,69	71,77	10002087	20916,38
27.05.2025	71,74	72,22	71,56	71,78	8446143	21415,74
28.05.2025	71,70	71,90	71,05	71,15	6849958	21318,92
29.05.2025	71,00	71,66	70,46	71,49	8179834	21364,7
30.05.2025	71,61	72,47	71,61	72,10	20243518	21341,74
02.06.2025	72,03	72,04	71,36	72,00	6824291	21492,5
03.06.2025	71,71	71,78	70,48	71,16	14776968	21663,34
04.06.2025	71,26	71,85	70,68	71,37	9480146	21722,68
05.06.2025	71,38	71,46	70,84	70,91	10121755	21548,18
06.06.2025	70,99	71,48	70,94	71,35	6611803	21762,55
09.06.2025	71,35	71,83	71,09	71,77	9410169	21798,63
10.06.2025	71,90	72,69	71,76	72,35	9818939	21942,69
11.06.2025	72,27	72,36	71,76	72,07	8835419	21861,6
12.06.2025	72,25	72,40	71,60	72,24	9976239	21914,09
13.06.2025	71,77	71,88	70,73	71,02	11684752	21631,8
16.06.2025	71,20	71,62	70,24	70,52	11629857	21938,34
17.06.2025	70,38	70,46	69,58	69,62	10964256	21719,84
18.06.2025	70,00	70,00	69,09	69,21	13144163	21720,45
20.06.2025	69,09	69,56	68,78	68,84	22425023	21627,15
23.06.2025	69,14	69,81	68,97	69,74	17406298	21857,09
24.06.2025	69,95	70,35	69,69	70,21	10188620	22191,3
25.06.2025	69,93	70,02	69,43	69,63	10171028	22238,52
26.06.2025	69,70	69,92	69,15	69,47	11473412	22448,08
27.06.2025	69,59	70,56	69,47	70,33	16163159	22535
30.06.2025	70,36	70,79	70,09	70,75	12465048	22679,8
01.07.2025	70,99	72,45	70,90	71,67	13968718	22478,93
02.07.2025	71,69	71,83	70,74	70,91	10776841	22642,68
03.07.2025	71,04	71,40	70,45	71,35	7826685	22867,77
07.07.2025	71,37	71,37	70,80	71,01	10547728	22686,36
08.07.2025	70,68	70,68	69,88	70,24	12487939	22703,04
09.07.2025	70,16	70,25	68,95	69,48	30227617	22865,71
10.07.2025	69,29	69,85	69,16	69,77	12097734	22830,06
11.07.2025	69,57	70,16	69,25	69,87	9459125	22781,4
14.07.2025	69,80	70,08	69,27	69,47	11869272	22856,43
15.07.2025	69,51	69,55	69,15	69,36	9844091	22885,39
16.07.2025	69,35	69,50	68,79	69,27	10917755	22908,77
17.07.2025	69,81	70,69	69,51	70,59	16400538	23081,86
18.07.2025	70,45	70,70	69,84	69,85	11287064	23066,28
21.07.2025	70,20	70,62	69,93	70,07	13836602	23180,87
22.07.2025	69,45	70,26	68,69	69,66	17170698	23064,39
23.07.2025	69,66	69,74	68,60	69,16	16502321	23163,22
24.07.2025	69,26	69,55	68,99	69,10	9826814	23220,67
25.07.2025	69,13	69,23	68,75	69,17	9773528	23273,06
28.07.2025	68,74	68,90	68,06	68,09	11098305	23357,09
29.07.2025	68,34	69,42	68,15	69,38	13360058	23309,1
30.07.2025	69,11	69,33	68,53	68,75	8069539	23346,23
31.07.2025	68,15	68,65	67,74	67,89	12943501	23218,93
01.08.2025	68,60	69,04	68,27	68,86	11881073	22764,11
04.08.2025	68,72	69,09	68,31	68,96	8324039	23189,42
05.08.2025	68,90	69,49	68,75	69,05	8908666	23019,37
06.08.2025	69,12	69,80	68,63	69,51	8783019	23315,86
07.08.2025	69,46	70,72	69,33	70,43	12387165	23390,35
08.08.2025	70,37	70,87	70,08	70,34	7212112	23612,1
11.08.2025	70,30	70,86	69,96	70,75	8236651	23527,45
12.08.2025	70,82	71,06	70,22	70,71	8044651	23840
13.08.2025	70,69	70,77	70,23	70,46	7837446	23849,87
14.08.2025	70,38	70,46	69,39	69,55	8397363	23833,27
15.08.2025	69,74	70,39	69,57	69,92	10063536	23712,9
18.08.2025	69,98	70,05	69,05	69,13	10211450	23714,59
19.08.2025	69,30	70,22	69,24	70,13	8071863	23385,59
20.08.2025	70,74	71,71	70,41	70,70	12101593	23250,38
21.08.2025	70,60	70,91	70,33	70,66	5647512	23143,39
22.08.2025	70,96	71,02	69,92	70,13	9318827	23498,94
25.08.2025	70,11	70,23	68,72	68,93	10226131	23426,4
26.08.2025	69,04	69,08	68,58	68,73	13321750	23526,11
27.08.2025	68,82	68,87	68,47	68,83	8615935	23566,67
28.08.2025	68,88	68,90	68,28	68,36	10872650	23704,28
29.08.2025	68,67	69,14	68,43	68,99	11525834	23416,24
02.09.2025	68,96	69,34	68,26	69,06	21123767	23231,92
03.09.2025	68,66	69,10	67,37	68,99	28886317	23415,66
04.09.2025	69,11	69,46	68,12	68,25	11937754	23633,84
05.09.2025	68,01	68,58	67,87	67,96	12577001	23653,27
08.09.2025	67,86	67,88	67,16	67,43	16378323	23763,1
09.09.2025	67,28	68,11	67,28	67,86	11069282	23840,6
10.09.2025	67,79	68,09	67,21	67,82	12625792	23850,1
11.09.2025	67,92	68,17	67,58	67,62	12334282	23993,4
12.09.2025	67,60	67,72	66,94	67,01	15884375	24093,03
15.09.2025	66,68	66,78	66,10	66,21	11560463	24294,63
16.09.2025	66,35	66,51	66,06	66,24	14175508	24275,1
17.09.2025	66,41	67,13	66,41	67,04	12220822	24224,54
18.09.2025	66,80	67,04	66,35	66,46	12446317	24455,75
19.09.2025	66,49	66,73	66,05	66,43	22782703	24627,11
22.09.2025	66,16	66,59	66,08	66,21	9987605	24761,94
23.09.2025	66,35	66,76	65,90	66,71	11473289	24581,03
24.09.2025	66,41	66,78	65,96	66,45	11920449	24504,43
25.09.2025	66,75	66,92	65,95	65,98	11055600	24398,16
26.09.2025	66,07	66,34	65,50	65,67	14747807	24504,71
29.09.2025	65,67	66,10	65,35	66,04	11245749	24612,21
30.09.2025	66,07	66,64	65,96	66,32	11039811	24680,85
01.10.2025	66,51	66,83	66,29	66,78	11782004	24801,73
02.10.2025	66,53	66,65	65,86	66,10	11215792	24893,63
03.10.2025	66,10	66,99	66,04	66,65	10013946	24786,39
06.10.2025	66,49	66,50	65,84	66,10	11569577	24979,43
07.10.2025	66,23	67,26	65,87	66,79	10048011	24841,1
08.10.2025	66,67	66,87	66,06	66,12	9497391	25137,5
09.10.2025	66,29	66,80	66,12	66,37	10014938	25099,06
10.10.2025	66,52	67,40	66,38	67,04	14721237	24222,6
13.10.2025	66,23	66,80	66,00	66,80	10272346	24751,12
14.10.2025	66,87	67,57	66,75	67,51	10907320	24580,18
15.10.2025	67,27	67,72	66,92	67,08	8462358	24746,23
16.10.2025	67,18	68,11	67,16	67,59	12488254	24658,1
17.10.2025	68,00	68,50	67,80	68,44	11892856	24818,82
20.10.2025	68,43	68,64	67,92	68,44	12713684	25141,9
21.10.2025	70,57	71,39	70,23	71,22	24927616	25128,01
22.10.2025	71,36	71,62	70,51	70,81	12980844	24880
23.10.2025	70,81	70,93	69,72	69,94	10155389	25098,3
24.10.2025	69,91	70,05	69,65	69,71	12288770	25359,05
27.10.2025	69,78	70,12	69,25	70,06	10588832	25822,45
28.10.2025	70,05	70,90	69,95	70,16	9697423	26013,07
29.10.2025	69,92	70,03	68,16	68,35	15803538	26120,76
30.10.2025	68,45	69,29	68,39	68,98	11690335	25735,71
31.10.2025	68,55	69,07	67,90	68,90	12343390	25859,04
03.11.2025	68,80	68,89	67,66	67,97	12162071	25973,85
04.11.2025	68,47	68,73	68,16	68,66	9023994	25436,6
05.11.2025	68,66	68,83	68,18	68,51	9901829	25620,93
06.11.2025	68,30	69,14	67,92	69,06	11688755	25130,92
07.11.2025	69,81	70,87	69,41	70,55	19792876	25060,69
10.11.2025	70,01	70,66	69,44	70,52	11268724	25612,64
11.11.2025	70,98	71,75	70,66	71,61	12232979	25534,38
12.11.2025	71,49	71,89	71,34	71,51	10856137	25518,22
13.11.2025	71,42	71,67	71,00	71,07	10960510	24994,33
14.11.2025	71,41	71,64	70,60	71,16	9742406	25009,12
17.11.2025	71,20	71,53	70,62	70,68	9510778	24800,79
18.11.2025	70,99	71,34	70,57	71,22	10099273	24504
19.11.2025	71,20	71,45	70,81	71,11	9602797	24641,38
20.11.2025	70,95	71,48	70,61	71,21	11054809	24055,22
21.11.2025	71,68	73,19	71,49	72,95	20714817	24240,42
24.11.2025	73,16	73,16	71,57	72,59	30672747	24874,72
25.11.2025	72,80	72,93	72,14	72,61	13803110	25019,24
26.11.2025	72,60	73,09	72,39	72,88	7977027	25237,82
28.11.2025	73,00	73,23	72,76	73,12	5508280	25435,78
01.12.2025	72,60	72,91	71,93	71,95	11133012	25343,74
02.12.2025	71,80	71,80	70,43	70,67	15446838	25556,75
03.12.2025	70,88	71,40	70,61	70,81	10756095	25607,44
04.12.2025	70,83	71,34	70,37	70,45	9743108	25582,6
05.12.2025	70,32	70,71	69,87	70,00	11137395	25692,95
08.12.2025	69,84	70,38	69,49	70,25	12841291	25628,85
09.12.2025	70,31	70,63	69,83	70,09	10233371	25669,59
10.12.2025	70,39	70,53	69,78	70,21	19304010	25777,34
11.12.2025	70,55	70,69	68,79	69,11	18960051	25687,58
12.12.2025	69,11	70,62	69,04	70,52	14670855	25197,61
15.12.2025	70,43	71,32	70,32	70,97	13320812	25068,14
16.12.2025	71,30	71,30	70,32	70,37	12882831	25133,82
17.12.2025	70,57	70,92	70,31	70,67	10692212	24648,47
18.12.2025	70,27	70,80	70,17	70,36	11581564	25020,25
19.12.2025	70,06	70,77	70,03	70,06	20036139	25347,07
22.12.2025	69,93	70,22	69,66	70,21	9793757	25462,6
23.12.2025	70,20	70,26	69,69	69,87	7427806	25588,73
24.12.2025	69,90	70,16	69,75	70,11	3228300	25657,05
26.12.2025	69,95	70,16	69,73	69,87	4439458	25645,29
29.12.2025	70,00	70,42	69,85	70,16	7422819	25526,45
30.12.2025	70,00	70,24	69,80	70,07	6859032	25463,45
31.12.2025	70,07	70,16	69,88	69,91	5767527	25250,73
02.01.2026	69,85	69,87	68,98	69,12	9299514	25207,05
05.01.2026	68,92	68,92	67,92	67,94	16713801	25402,21
06.01.2026	68,01	68,25	67,59	67,84	17247299	25640,61
07.01.2026	67,99	68,07	67,27	67,54	15902301	25654,8
08.01.2026	67,54	69,46	67,45	69,37	15200671	25508
09.01.2026	69,43	70,66	69,12	70,51	15551093	25767,16
12.01.2026	70,90	70,97	70,24	70,50	15489260	25788,56
13.01.2026	70,42	71,24	70,27	71,24	14514631	25742,85
14.01.2026	71,17	71,71	70,81	71,44	12752304	25466,83
15.01.2026	71,59	71,60	70,37	70,48	12110957	25547,97
16.01.2026	70,29	70,74	70,04	70,44	14523158	25530,15
20.01.2026	70,00	71,78	69,79	71,75	16574689	24988,44
21.01.2026	71,98	72,24	70,83	72,01	13419865	25327,47
22.01.2026	71,83	72,04	71,45	71,87	10749963	25519,24
23.01.2026	72,02	73,06	71,78	72,88	15596248	25606,37
26.01.2026	72,86	73,30	72,54	72,56	10356714	25714,11
27.01.2026	72,44	73,56	72,27	73,55	9902153	25940,65
28.01.2026	73,21	73,62	72,57	73,06	11335434	26023,7
29.01.2026	73,18	74,09	73,14	73,43	14473071	25885,2
30.01.2026	73,71	74,90	73,54	74,81	21327377	25553,28
02.02.2026	75,01	75,70	74,40	75,33	11706535	25739,51
03.02.2026	75,27	77,50	75,13	76,89	21286214	25339,51
04.02.2026	77,27	78,11	77,08	77,48	13526230	24892,11
05.02.2026	77,82	78,79	77,59	78,29	7490073	24549,55
06.02.2026	78,50	79,20	78,26	79,03	13465034	25076,65
09.02.2026	78,67	79,11	77,54	77,97	18288203	25269,02
10.02.2026	76,63	77,51	76,01	76,81	19635481	25128,52
11.02.2026	76,88	79,05	76,58	78,60	16221283	25202,14
12.02.2026	78,98	80,41	78,79	79,00	19613676	24688,47
13.02.2026	78,45	79,40	78,13	78,68	12514444	24733,6
17.02.2026	78,99	79,64	78,74	79,56	12415195	24702,5
18.02.2026	79,50	79,84	78,92	79,49	10682063	24899,74
19.02.2026	79,46	79,67	78,59	78,91	10088430	24798,21
20.02.2026	79,33	79,84	78,89	79,84	12175578	25013,5
21.02.2026	79,88	79,93	79,74	79,84	4500	
23.02.2026	79,52	80,85	79,50	80,56	13255175	
24.02.2026	80,54	81,09	79,85	80,72	12113403	24977,91
25.02.2026	80,40	80,69	79,56	80,47	12362974	25329,93
26.02.2026	80,75	80,89	80,02	80,50	8540120	25035,25
27.02.2026	80,94	82,00	80,82	81,56	20699360	24960,91
02.03.2026	81,25	81,40	80,15	80,22	11895259	24993,5
03.03.2026	79,86	80,08	78,56	79,34	11933194	24720,95
04.03.2026	79,29	79,47	77,75	78,10	12890855	25094,56
05.03.2026	77,68	77,72	76,50	77,03	14366685	25021,29
06.03.2026	76,80	77,19	76,35	77,04	10369608	24643,87
09.03.2026	76,62	78,07	76,53	77,80	14971155	24968,12
10.03.2026	77,48	78,41	77,10	77,88	9872944	24957,34
11.03.2026	77,71	77,71	76,60	77,63	8009872	24965,88
12.03.2026	77,42	78,16	76,90	77,61	12844881	24534,44
13.03.2026	77,47	78,05	77,19	77,34	8528622	24381,58
16.03.2026	78,00	78,43	77,74	77,82	8787524	24656,2
17.03.2026	78,00	78,30	77,45	77,58	10374260	24781,29
18.03.2026	77,08	77,13	75,85	75,97	9711531	24425,94
19.03.2026	76,00	76,45	75,53	75,83	5508931	24356,13
20.03.2026	75,57	76,05	74,39	74,75	27497391	23898,99
23.03.2026	75,34	75,45	74,55	75,11	11323725	24189,44
24.03.2026	74,86	75,69	74,63	74,67	8840217	24003,29
25.03.2026	74,59	75,65	74,07	75,25	9950959	24163,83
26.03.2026	75,19	75,75	74,65	74,69	8433109	23587,82
27.03.2026	74,82	76,05	74,70	75,71	13231210	23133,58
